runtime,node_version,openssl_version,variant,extra_tests,passing,failing,pending,failing_titles
host,v22.22.2,3.5.5,stock,none,511,0,1,""
host,v22.22.2,3.5.5,stock,keypath,515,0,1,""
host,v22.22.2,3.5.5,safe,none,511,0,1,""
host,v22.22.2,3.5.5,safe,keypath,515,0,1,""
host,v22.22.2,3.5.5,keyonly,none,511,0,1,""
host,v22.22.2,3.5.5,keyonly,keypath,515,0,1,""
host,v22.22.2,3.5.5,naive,none,509,2,1,"should not allow HMAC verification with an RSA key in PEM format|should not verify|when setting a wrong `header.alg`|when verifying a malicious token|"
host,v22.22.2,3.5.5,naive,keypath,512,3,1,"refuses an HS* token when the configured key is asymmetric material|should not allow HMAC verification with an RSA key in PEM format|should not verify|verify: resolving a string secret for HS* tokens|when setting a wrong `header.alg`|when verifying a malicious token|"
node:18.20.8-alpine,v18.20.8,3.0.16,stock,none,511,0,1,""
node:18.20.8-alpine,v18.20.8,3.0.16,stock,keypath,515,0,1,""
node:18.20.8-alpine,v18.20.8,3.0.16,safe,none,511,0,1,""
node:18.20.8-alpine,v18.20.8,3.0.16,safe,keypath,515,0,1,""
node:18.20.8-alpine,v18.20.8,3.0.16,keyonly,none,511,0,1,""
node:18.20.8-alpine,v18.20.8,3.0.16,keyonly,keypath,515,0,1,""
node:18.20.8-alpine,v18.20.8,3.0.16,naive,none,509,2,1,"should not allow HMAC verification with an RSA key in PEM format|should not verify|when setting a wrong `header.alg`|when verifying a malicious token|"
node:18.20.8-alpine,v18.20.8,3.0.16,naive,keypath,512,3,1,"refuses an HS* token when the configured key is asymmetric material|should not allow HMAC verification with an RSA key in PEM format|should not verify|verify: resolving a string secret for HS* tokens|when setting a wrong `header.alg`|when verifying a malicious token|"
node:26.6.0-alpine,v26.6.0,3.5.7,stock,none,511,0,1,""
node:26.6.0-alpine,v26.6.0,3.5.7,stock,keypath,515,0,1,""
node:26.6.0-alpine,v26.6.0,3.5.7,safe,none,511,0,1,""
node:26.6.0-alpine,v26.6.0,3.5.7,safe,keypath,515,0,1,""
node:26.6.0-alpine,v26.6.0,3.5.7,keyonly,none,511,0,1,""
node:26.6.0-alpine,v26.6.0,3.5.7,keyonly,keypath,515,0,1,""
node:26.6.0-alpine,v26.6.0,3.5.7,naive,none,509,2,1,"should not allow HMAC verification with an RSA key in PEM format|should not verify|when setting a wrong `header.alg`|when verifying a malicious token|"
node:26.6.0-alpine,v26.6.0,3.5.7,naive,keypath,512,3,1,"refuses an HS* token when the configured key is asymmetric material|should not allow HMAC verification with an RSA key in PEM format|should not verify|verify: resolving a string secret for HS* tokens|when setting a wrong `header.alg`|when verifying a malicious token|"
psao/distro-node:ubuntu24.04,v18.19.1,3.0.13,stock,none,511,0,1,""
psao/distro-node:ubuntu24.04,v18.19.1,3.0.13,stock,keypath,515,0,1,""
psao/distro-node:ubuntu24.04,v18.19.1,3.0.13,safe,none,511,0,1,""
psao/distro-node:ubuntu24.04,v18.19.1,3.0.13,safe,keypath,515,0,1,""
psao/distro-node:ubuntu24.04,v18.19.1,3.0.13,keyonly,none,511,0,1,""
psao/distro-node:ubuntu24.04,v18.19.1,3.0.13,keyonly,keypath,515,0,1,""
psao/distro-node:ubuntu24.04,v18.19.1,3.0.13,naive,none,509,2,1,"should not allow HMAC verification with an RSA key in PEM format|should not verify|when setting a wrong `header.alg`|when verifying a malicious token|"
psao/distro-node:ubuntu24.04,v18.19.1,3.0.13,naive,keypath,512,3,1,"refuses an HS* token when the configured key is asymmetric material|should not allow HMAC verification with an RSA key in PEM format|should not verify|verify: resolving a string secret for HS* tokens|when setting a wrong `header.alg`|when verifying a malicious token|"
