key_material,token,options,stock,narrow_fix,identical,keyonly,identical_keyonly
"string secret","HS256 signed with the secret","no algorithms option","accepted {""sub"":""user0""}","accepted {""sub"":""user0""}",true,"accepted {""sub"":""user0""}",true
"string secret","HS256 signed with the secret","algorithms [HS256]","accepted {""sub"":""user0""}","accepted {""sub"":""user0""}",true,"accepted {""sub"":""user0""}",true
"string secret","HS256 signed with the secret","algorithms [RS256]","rejected JsonWebTokenError: invalid algorithm","rejected JsonWebTokenError: invalid algorithm",true,"rejected JsonWebTokenError: invalid algorithm",true
"string secret","HS256 signed with the secret","algorithms [HS256, RS256]","accepted {""sub"":""user0""}","accepted {""sub"":""user0""}",true,"accepted {""sub"":""user0""}",true
"string secret","HS256 HMACed with the RSA public PEM text","no algorithms option","rejected JsonWebTokenError: invalid signature","rejected JsonWebTokenError: invalid signature",true,"rejected JsonWebTokenError: invalid signature",true
"string secret","HS256 HMACed with the RSA public PEM text","algorithms [HS256]","rejected JsonWebTokenError: invalid signature","rejected JsonWebTokenError: invalid signature",true,"rejected JsonWebTokenError: invalid signature",true
"string secret","HS256 HMACed with the RSA public PEM text","algorithms [RS256]","rejected JsonWebTokenError: invalid algorithm","rejected JsonWebTokenError: invalid algorithm",true,"rejected JsonWebTokenError: invalid algorithm",true
"string secret","HS256 HMACed with the RSA public PEM text","algorithms [HS256, RS256]","rejected JsonWebTokenError: invalid signature","rejected JsonWebTokenError: invalid signature",true,"rejected JsonWebTokenError: invalid signature",true
"string secret","HS256 HMACed with the JWK text","no algorithms option","rejected JsonWebTokenError: invalid signature","rejected JsonWebTokenError: invalid signature",true,"rejected JsonWebTokenError: invalid signature",true
"string secret","HS256 HMACed with the JWK text","algorithms [HS256]","rejected JsonWebTokenError: invalid signature","rejected JsonWebTokenError: invalid signature",true,"rejected JsonWebTokenError: invalid signature",true
"string secret","HS256 HMACed with the JWK text","algorithms [RS256]","rejected JsonWebTokenError: invalid algorithm","rejected JsonWebTokenError: invalid algorithm",true,"rejected JsonWebTokenError: invalid algorithm",true
"string secret","HS256 HMACed with the JWK text","algorithms [HS256, RS256]","rejected JsonWebTokenError: invalid signature","rejected JsonWebTokenError: invalid signature",true,"rejected JsonWebTokenError: invalid signature",true
"string secret","RS256 signed with the RSA private key","no algorithms option","rejected JsonWebTokenError: invalid algorithm","rejected JsonWebTokenError: invalid algorithm",true,"rejected JsonWebTokenError: invalid algorithm",true
"string secret","RS256 signed with the RSA private key","algorithms [HS256]","rejected JsonWebTokenError: invalid algorithm","rejected JsonWebTokenError: invalid algorithm",true,"rejected JsonWebTokenError: invalid algorithm",true
"string secret","RS256 signed with the RSA private key","algorithms [RS256]","rejected JsonWebTokenError: secretOrPublicKey must be an asymmetric key when using RS256","rejected JsonWebTokenError: secretOrPublicKey must be an asymmetric key when using RS256",true,"rejected JsonWebTokenError: secretOrPublicKey must be an asymmetric key when using RS256",true
"string secret","RS256 signed with the RSA private key","algorithms [HS256, RS256]","rejected JsonWebTokenError: secretOrPublicKey must be an asymmetric key when using RS256","rejected JsonWebTokenError: secretOrPublicKey must be an asymmetric key when using RS256",true,"rejected JsonWebTokenError: secretOrPublicKey must be an asymmetric key when using RS256",true
"string secret","RS256 forged (random signature)","no algorithms option","rejected JsonWebTokenError: invalid algorithm","rejected JsonWebTokenError: invalid algorithm",true,"rejected JsonWebTokenError: invalid algorithm",true
"string secret","RS256 forged (random signature)","algorithms [HS256]","rejected JsonWebTokenError: invalid algorithm","rejected JsonWebTokenError: invalid algorithm",true,"rejected JsonWebTokenError: invalid algorithm",true
"string secret","RS256 forged (random signature)","algorithms [RS256]","rejected JsonWebTokenError: secretOrPublicKey must be an asymmetric key when using RS256","rejected JsonWebTokenError: secretOrPublicKey must be an asymmetric key when using RS256",true,"rejected JsonWebTokenError: secretOrPublicKey must be an asymmetric key when using RS256",true
"string secret","RS256 forged (random signature)","algorithms [HS256, RS256]","rejected JsonWebTokenError: secretOrPublicKey must be an asymmetric key when using RS256","rejected JsonWebTokenError: secretOrPublicKey must be an asymmetric key when using RS256",true,"rejected JsonWebTokenError: secretOrPublicKey must be an asymmetric key when using RS256",true
"string secret","HS256 forged (random signature)","no algorithms option","rejected JsonWebTokenError: invalid signature","rejected JsonWebTokenError: invalid signature",true,"rejected JsonWebTokenError: invalid signature",true
"string secret","HS256 forged (random signature)","algorithms [HS256]","rejected JsonWebTokenError: invalid signature","rejected JsonWebTokenError: invalid signature",true,"rejected JsonWebTokenError: invalid signature",true
"string secret","HS256 forged (random signature)","algorithms [RS256]","rejected JsonWebTokenError: invalid algorithm","rejected JsonWebTokenError: invalid algorithm",true,"rejected JsonWebTokenError: invalid algorithm",true
"string secret","HS256 forged (random signature)","algorithms [HS256, RS256]","rejected JsonWebTokenError: invalid signature","rejected JsonWebTokenError: invalid signature",true,"rejected JsonWebTokenError: invalid signature",true
"string secret","alg none","no algorithms option","rejected JsonWebTokenError: jwt signature is required","rejected JsonWebTokenError: jwt signature is required",true,"rejected JsonWebTokenError: jwt signature is required",true
"string secret","alg none","algorithms [HS256]","rejected JsonWebTokenError: jwt signature is required","rejected JsonWebTokenError: jwt signature is required",true,"rejected JsonWebTokenError: jwt signature is required",true
"string secret","alg none","algorithms [RS256]","rejected JsonWebTokenError: jwt signature is required","rejected JsonWebTokenError: jwt signature is required",true,"rejected JsonWebTokenError: jwt signature is required",true
"string secret","alg none","algorithms [HS256, RS256]","rejected JsonWebTokenError: jwt signature is required","rejected JsonWebTokenError: jwt signature is required",true,"rejected JsonWebTokenError: jwt signature is required",true
"string secret with leading space","HS256 signed with the secret","no algorithms option","rejected JsonWebTokenError: invalid signature","rejected JsonWebTokenError: invalid signature",true,"rejected JsonWebTokenError: invalid signature",true
"string secret with leading space","HS256 signed with the secret","algorithms [HS256]","rejected JsonWebTokenError: invalid signature","rejected JsonWebTokenError: invalid signature",true,"rejected JsonWebTokenError: invalid signature",true
"string secret with leading space","HS256 signed with the secret","algorithms [RS256]","rejected JsonWebTokenError: invalid algorithm","rejected JsonWebTokenError: invalid algorithm",true,"rejected JsonWebTokenError: invalid algorithm",true
"string secret with leading space","HS256 signed with the secret","algorithms [HS256, RS256]","rejected JsonWebTokenError: invalid signature","rejected JsonWebTokenError: invalid signature",true,"rejected JsonWebTokenError: invalid signature",true
"string secret with leading space","HS256 HMACed with the RSA public PEM text","no algorithms option","rejected JsonWebTokenError: invalid signature","rejected JsonWebTokenError: invalid signature",true,"rejected JsonWebTokenError: invalid signature",true
"string secret with leading space","HS256 HMACed with the RSA public PEM text","algorithms [HS256]","rejected JsonWebTokenError: invalid signature","rejected JsonWebTokenError: invalid signature",true,"rejected JsonWebTokenError: invalid signature",true
"string secret with leading space","HS256 HMACed with the RSA public PEM text","algorithms [RS256]","rejected JsonWebTokenError: invalid algorithm","rejected JsonWebTokenError: invalid algorithm",true,"rejected JsonWebTokenError: invalid algorithm",true
"string secret with leading space","HS256 HMACed with the RSA public PEM text","algorithms [HS256, RS256]","rejected JsonWebTokenError: invalid signature","rejected JsonWebTokenError: invalid signature",true,"rejected JsonWebTokenError: invalid signature",true
"string secret with leading space","HS256 HMACed with the JWK text","no algorithms option","rejected JsonWebTokenError: invalid signature","rejected JsonWebTokenError: invalid signature",true,"rejected JsonWebTokenError: invalid signature",true
"string secret with leading space","HS256 HMACed with the JWK text","algorithms [HS256]","rejected JsonWebTokenError: invalid signature","rejected JsonWebTokenError: invalid signature",true,"rejected JsonWebTokenError: invalid signature",true
"string secret with leading space","HS256 HMACed with the JWK text","algorithms [RS256]","rejected JsonWebTokenError: invalid algorithm","rejected JsonWebTokenError: invalid algorithm",true,"rejected JsonWebTokenError: invalid algorithm",true
"string secret with leading space","HS256 HMACed with the JWK text","algorithms [HS256, RS256]","rejected JsonWebTokenError: invalid signature","rejected JsonWebTokenError: invalid signature",true,"rejected JsonWebTokenError: invalid signature",true
"string secret with leading space","RS256 signed with the RSA private key","no algorithms option","rejected JsonWebTokenError: invalid algorithm","rejected JsonWebTokenError: invalid algorithm",true,"rejected JsonWebTokenError: invalid algorithm",true
"string secret with leading space","RS256 signed with the RSA private key","algorithms [HS256]","rejected JsonWebTokenError: invalid algorithm","rejected JsonWebTokenError: invalid algorithm",true,"rejected JsonWebTokenError: invalid algorithm",true
"string secret with leading space","RS256 signed with the RSA private key","algorithms [RS256]","rejected JsonWebTokenError: secretOrPublicKey must be an asymmetric key when using RS256","rejected JsonWebTokenError: secretOrPublicKey must be an asymmetric key when using RS256",true,"rejected JsonWebTokenError: secretOrPublicKey must be an asymmetric key when using RS256",true
"string secret with leading space","RS256 signed with the RSA private key","algorithms [HS256, RS256]","rejected JsonWebTokenError: secretOrPublicKey must be an asymmetric key when using RS256","rejected JsonWebTokenError: secretOrPublicKey must be an asymmetric key when using RS256",true,"rejected JsonWebTokenError: secretOrPublicKey must be an asymmetric key when using RS256",true
"string secret with leading space","RS256 forged (random signature)","no algorithms option","rejected JsonWebTokenError: invalid algorithm","rejected JsonWebTokenError: invalid algorithm",true,"rejected JsonWebTokenError: invalid algorithm",true
"string secret with leading space","RS256 forged (random signature)","algorithms [HS256]","rejected JsonWebTokenError: invalid algorithm","rejected JsonWebTokenError: invalid algorithm",true,"rejected JsonWebTokenError: invalid algorithm",true
"string secret with leading space","RS256 forged (random signature)","algorithms [RS256]","rejected JsonWebTokenError: secretOrPublicKey must be an asymmetric key when using RS256","rejected JsonWebTokenError: secretOrPublicKey must be an asymmetric key when using RS256",true,"rejected JsonWebTokenError: secretOrPublicKey must be an asymmetric key when using RS256",true
"string secret with leading space","RS256 forged (random signature)","algorithms [HS256, RS256]","rejected JsonWebTokenError: secretOrPublicKey must be an asymmetric key when using RS256","rejected JsonWebTokenError: secretOrPublicKey must be an asymmetric key when using RS256",true,"rejected JsonWebTokenError: secretOrPublicKey must be an asymmetric key when using RS256",true
"string secret with leading space","HS256 forged (random signature)","no algorithms option","rejected JsonWebTokenError: invalid signature","rejected JsonWebTokenError: invalid signature",true,"rejected JsonWebTokenError: invalid signature",true
"string secret with leading space","HS256 forged (random signature)","algorithms [HS256]","rejected JsonWebTokenError: invalid signature","rejected JsonWebTokenError: invalid signature",true,"rejected JsonWebTokenError: invalid signature",true
"string secret with leading space","HS256 forged (random signature)","algorithms [RS256]","rejected JsonWebTokenError: invalid algorithm","rejected JsonWebTokenError: invalid algorithm",true,"rejected JsonWebTokenError: invalid algorithm",true
"string secret with leading space","HS256 forged (random signature)","algorithms [HS256, RS256]","rejected JsonWebTokenError: invalid signature","rejected JsonWebTokenError: invalid signature",true,"rejected JsonWebTokenError: invalid signature",true
"string secret with leading space","alg none","no algorithms option","rejected JsonWebTokenError: jwt signature is required","rejected JsonWebTokenError: jwt signature is required",true,"rejected JsonWebTokenError: jwt signature is required",true
"string secret with leading space","alg none","algorithms [HS256]","rejected JsonWebTokenError: jwt signature is required","rejected JsonWebTokenError: jwt signature is required",true,"rejected JsonWebTokenError: jwt signature is required",true
"string secret with leading space","alg none","algorithms [RS256]","rejected JsonWebTokenError: jwt signature is required","rejected JsonWebTokenError: jwt signature is required",true,"rejected JsonWebTokenError: jwt signature is required",true
"string secret with leading space","alg none","algorithms [HS256, RS256]","rejected JsonWebTokenError: jwt signature is required","rejected JsonWebTokenError: jwt signature is required",true,"rejected JsonWebTokenError: jwt signature is required",true
"Buffer secret","HS256 signed with the secret","no algorithms option","accepted {""sub"":""user0""}","accepted {""sub"":""user0""}",true,"accepted {""sub"":""user0""}",true
"Buffer secret","HS256 signed with the secret","algorithms [HS256]","accepted {""sub"":""user0""}","accepted {""sub"":""user0""}",true,"accepted {""sub"":""user0""}",true
"Buffer secret","HS256 signed with the secret","algorithms [RS256]","rejected JsonWebTokenError: invalid algorithm","rejected JsonWebTokenError: invalid algorithm",true,"rejected JsonWebTokenError: invalid algorithm",true
"Buffer secret","HS256 signed with the secret","algorithms [HS256, RS256]","accepted {""sub"":""user0""}","accepted {""sub"":""user0""}",true,"accepted {""sub"":""user0""}",true
"Buffer secret","HS256 HMACed with the RSA public PEM text","no algorithms option","rejected JsonWebTokenError: invalid signature","rejected JsonWebTokenError: invalid signature",true,"rejected JsonWebTokenError: invalid signature",true
"Buffer secret","HS256 HMACed with the RSA public PEM text","algorithms [HS256]","rejected JsonWebTokenError: invalid signature","rejected JsonWebTokenError: invalid signature",true,"rejected JsonWebTokenError: invalid signature",true
"Buffer secret","HS256 HMACed with the RSA public PEM text","algorithms [RS256]","rejected JsonWebTokenError: invalid algorithm","rejected JsonWebTokenError: invalid algorithm",true,"rejected JsonWebTokenError: invalid algorithm",true
"Buffer secret","HS256 HMACed with the RSA public PEM text","algorithms [HS256, RS256]","rejected JsonWebTokenError: invalid signature","rejected JsonWebTokenError: invalid signature",true,"rejected JsonWebTokenError: invalid signature",true
"Buffer secret","HS256 HMACed with the JWK text","no algorithms option","rejected JsonWebTokenError: invalid signature","rejected JsonWebTokenError: invalid signature",true,"rejected JsonWebTokenError: invalid signature",true
"Buffer secret","HS256 HMACed with the JWK text","algorithms [HS256]","rejected JsonWebTokenError: invalid signature","rejected JsonWebTokenError: invalid signature",true,"rejected JsonWebTokenError: invalid signature",true
"Buffer secret","HS256 HMACed with the JWK text","algorithms [RS256]","rejected JsonWebTokenError: invalid algorithm","rejected JsonWebTokenError: invalid algorithm",true,"rejected JsonWebTokenError: invalid algorithm",true
"Buffer secret","HS256 HMACed with the JWK text","algorithms [HS256, RS256]","rejected JsonWebTokenError: invalid signature","rejected JsonWebTokenError: invalid signature",true,"rejected JsonWebTokenError: invalid signature",true
"Buffer secret","RS256 signed with the RSA private key","no algorithms option","rejected JsonWebTokenError: invalid algorithm","rejected JsonWebTokenError: invalid algorithm",true,"rejected JsonWebTokenError: invalid algorithm",true
"Buffer secret","RS256 signed with the RSA private key","algorithms [HS256]","rejected JsonWebTokenError: invalid algorithm","rejected JsonWebTokenError: invalid algorithm",true,"rejected JsonWebTokenError: invalid algorithm",true
"Buffer secret","RS256 signed with the RSA private key","algorithms [RS256]","rejected JsonWebTokenError: secretOrPublicKey must be an asymmetric key when using RS256","rejected JsonWebTokenError: secretOrPublicKey must be an asymmetric key when using RS256",true,"rejected JsonWebTokenError: secretOrPublicKey must be an asymmetric key when using RS256",true
"Buffer secret","RS256 signed with the RSA private key","algorithms [HS256, RS256]","rejected JsonWebTokenError: secretOrPublicKey must be an asymmetric key when using RS256","rejected JsonWebTokenError: secretOrPublicKey must be an asymmetric key when using RS256",true,"rejected JsonWebTokenError: secretOrPublicKey must be an asymmetric key when using RS256",true
"Buffer secret","RS256 forged (random signature)","no algorithms option","rejected JsonWebTokenError: invalid algorithm","rejected JsonWebTokenError: invalid algorithm",true,"rejected JsonWebTokenError: invalid algorithm",true
"Buffer secret","RS256 forged (random signature)","algorithms [HS256]","rejected JsonWebTokenError: invalid algorithm","rejected JsonWebTokenError: invalid algorithm",true,"rejected JsonWebTokenError: invalid algorithm",true
"Buffer secret","RS256 forged (random signature)","algorithms [RS256]","rejected JsonWebTokenError: secretOrPublicKey must be an asymmetric key when using RS256","rejected JsonWebTokenError: secretOrPublicKey must be an asymmetric key when using RS256",true,"rejected JsonWebTokenError: secretOrPublicKey must be an asymmetric key when using RS256",true
"Buffer secret","RS256 forged (random signature)","algorithms [HS256, RS256]","rejected JsonWebTokenError: secretOrPublicKey must be an asymmetric key when using RS256","rejected JsonWebTokenError: secretOrPublicKey must be an asymmetric key when using RS256",true,"rejected JsonWebTokenError: secretOrPublicKey must be an asymmetric key when using RS256",true
"Buffer secret","HS256 forged (random signature)","no algorithms option","rejected JsonWebTokenError: invalid signature","rejected JsonWebTokenError: invalid signature",true,"rejected JsonWebTokenError: invalid signature",true
"Buffer secret","HS256 forged (random signature)","algorithms [HS256]","rejected JsonWebTokenError: invalid signature","rejected JsonWebTokenError: invalid signature",true,"rejected JsonWebTokenError: invalid signature",true
"Buffer secret","HS256 forged (random signature)","algorithms [RS256]","rejected JsonWebTokenError: invalid algorithm","rejected JsonWebTokenError: invalid algorithm",true,"rejected JsonWebTokenError: invalid algorithm",true
"Buffer secret","HS256 forged (random signature)","algorithms [HS256, RS256]","rejected JsonWebTokenError: invalid signature","rejected JsonWebTokenError: invalid signature",true,"rejected JsonWebTokenError: invalid signature",true
"Buffer secret","alg none","no algorithms option","rejected JsonWebTokenError: jwt signature is required","rejected JsonWebTokenError: jwt signature is required",true,"rejected JsonWebTokenError: jwt signature is required",true
"Buffer secret","alg none","algorithms [HS256]","rejected JsonWebTokenError: jwt signature is required","rejected JsonWebTokenError: jwt signature is required",true,"rejected JsonWebTokenError: jwt signature is required",true
"Buffer secret","alg none","algorithms [RS256]","rejected JsonWebTokenError: jwt signature is required","rejected JsonWebTokenError: jwt signature is required",true,"rejected JsonWebTokenError: jwt signature is required",true
"Buffer secret","alg none","algorithms [HS256, RS256]","rejected JsonWebTokenError: jwt signature is required","rejected JsonWebTokenError: jwt signature is required",true,"rejected JsonWebTokenError: jwt signature is required",true
"KeyObject secret","HS256 signed with the secret","no algorithms option","accepted {""sub"":""user0""}","accepted {""sub"":""user0""}",true,"accepted {""sub"":""user0""}",true
"KeyObject secret","HS256 signed with the secret","algorithms [HS256]","accepted {""sub"":""user0""}","accepted {""sub"":""user0""}",true,"accepted {""sub"":""user0""}",true
"KeyObject secret","HS256 signed with the secret","algorithms [RS256]","rejected JsonWebTokenError: invalid algorithm","rejected JsonWebTokenError: invalid algorithm",true,"rejected JsonWebTokenError: invalid algorithm",true
"KeyObject secret","HS256 signed with the secret","algorithms [HS256, RS256]","accepted {""sub"":""user0""}","accepted {""sub"":""user0""}",true,"accepted {""sub"":""user0""}",true
"KeyObject secret","HS256 HMACed with the RSA public PEM text","no algorithms option","rejected JsonWebTokenError: invalid signature","rejected JsonWebTokenError: invalid signature",true,"rejected JsonWebTokenError: invalid signature",true
"KeyObject secret","HS256 HMACed with the RSA public PEM text","algorithms [HS256]","rejected JsonWebTokenError: invalid signature","rejected JsonWebTokenError: invalid signature",true,"rejected JsonWebTokenError: invalid signature",true
"KeyObject secret","HS256 HMACed with the RSA public PEM text","algorithms [RS256]","rejected JsonWebTokenError: invalid algorithm","rejected JsonWebTokenError: invalid algorithm",true,"rejected JsonWebTokenError: invalid algorithm",true
"KeyObject secret","HS256 HMACed with the RSA public PEM text","algorithms [HS256, RS256]","rejected JsonWebTokenError: invalid signature","rejected JsonWebTokenError: invalid signature",true,"rejected JsonWebTokenError: invalid signature",true
"KeyObject secret","HS256 HMACed with the JWK text","no algorithms option","rejected JsonWebTokenError: invalid signature","rejected JsonWebTokenError: invalid signature",true,"rejected JsonWebTokenError: invalid signature",true
"KeyObject secret","HS256 HMACed with the JWK text","algorithms [HS256]","rejected JsonWebTokenError: invalid signature","rejected JsonWebTokenError: invalid signature",true,"rejected JsonWebTokenError: invalid signature",true
"KeyObject secret","HS256 HMACed with the JWK text","algorithms [RS256]","rejected JsonWebTokenError: invalid algorithm","rejected JsonWebTokenError: invalid algorithm",true,"rejected JsonWebTokenError: invalid algorithm",true
"KeyObject secret","HS256 HMACed with the JWK text","algorithms [HS256, RS256]","rejected JsonWebTokenError: invalid signature","rejected JsonWebTokenError: invalid signature",true,"rejected JsonWebTokenError: invalid signature",true
"KeyObject secret","RS256 signed with the RSA private key","no algorithms option","rejected JsonWebTokenError: invalid algorithm","rejected JsonWebTokenError: invalid algorithm",true,"rejected JsonWebTokenError: invalid algorithm",true
"KeyObject secret","RS256 signed with the RSA private key","algorithms [HS256]","rejected JsonWebTokenError: invalid algorithm","rejected JsonWebTokenError: invalid algorithm",true,"rejected JsonWebTokenError: invalid algorithm",true
"KeyObject secret","RS256 signed with the RSA private key","algorithms [RS256]","rejected JsonWebTokenError: secretOrPublicKey must be an asymmetric key when using RS256","rejected JsonWebTokenError: secretOrPublicKey must be an asymmetric key when using RS256",true,"rejected JsonWebTokenError: secretOrPublicKey must be an asymmetric key when using RS256",true
"KeyObject secret","RS256 signed with the RSA private key","algorithms [HS256, RS256]","rejected JsonWebTokenError: secretOrPublicKey must be an asymmetric key when using RS256","rejected JsonWebTokenError: secretOrPublicKey must be an asymmetric key when using RS256",true,"rejected JsonWebTokenError: secretOrPublicKey must be an asymmetric key when using RS256",true
"KeyObject secret","RS256 forged (random signature)","no algorithms option","rejected JsonWebTokenError: invalid algorithm","rejected JsonWebTokenError: invalid algorithm",true,"rejected JsonWebTokenError: invalid algorithm",true
"KeyObject secret","RS256 forged (random signature)","algorithms [HS256]","rejected JsonWebTokenError: invalid algorithm","rejected JsonWebTokenError: invalid algorithm",true,"rejected JsonWebTokenError: invalid algorithm",true
"KeyObject secret","RS256 forged (random signature)","algorithms [RS256]","rejected JsonWebTokenError: secretOrPublicKey must be an asymmetric key when using RS256","rejected JsonWebTokenError: secretOrPublicKey must be an asymmetric key when using RS256",true,"rejected JsonWebTokenError: secretOrPublicKey must be an asymmetric key when using RS256",true
"KeyObject secret","RS256 forged (random signature)","algorithms [HS256, RS256]","rejected JsonWebTokenError: secretOrPublicKey must be an asymmetric key when using RS256","rejected JsonWebTokenError: secretOrPublicKey must be an asymmetric key when using RS256",true,"rejected JsonWebTokenError: secretOrPublicKey must be an asymmetric key when using RS256",true
"KeyObject secret","HS256 forged (random signature)","no algorithms option","rejected JsonWebTokenError: invalid signature","rejected JsonWebTokenError: invalid signature",true,"rejected JsonWebTokenError: invalid signature",true
"KeyObject secret","HS256 forged (random signature)","algorithms [HS256]","rejected JsonWebTokenError: invalid signature","rejected JsonWebTokenError: invalid signature",true,"rejected JsonWebTokenError: invalid signature",true
"KeyObject secret","HS256 forged (random signature)","algorithms [RS256]","rejected JsonWebTokenError: invalid algorithm","rejected JsonWebTokenError: invalid algorithm",true,"rejected JsonWebTokenError: invalid algorithm",true
"KeyObject secret","HS256 forged (random signature)","algorithms [HS256, RS256]","rejected JsonWebTokenError: invalid signature","rejected JsonWebTokenError: invalid signature",true,"rejected JsonWebTokenError: invalid signature",true
"KeyObject secret","alg none","no algorithms option","rejected JsonWebTokenError: jwt signature is required","rejected JsonWebTokenError: jwt signature is required",true,"rejected JsonWebTokenError: jwt signature is required",true
"KeyObject secret","alg none","algorithms [HS256]","rejected JsonWebTokenError: jwt signature is required","rejected JsonWebTokenError: jwt signature is required",true,"rejected JsonWebTokenError: jwt signature is required",true
"KeyObject secret","alg none","algorithms [RS256]","rejected JsonWebTokenError: jwt signature is required","rejected JsonWebTokenError: jwt signature is required",true,"rejected JsonWebTokenError: jwt signature is required",true
"KeyObject secret","alg none","algorithms [HS256, RS256]","rejected JsonWebTokenError: jwt signature is required","rejected JsonWebTokenError: jwt signature is required",true,"rejected JsonWebTokenError: jwt signature is required",true
"PEM RSA public key as string","HS256 signed with the secret","no algorithms option","rejected JsonWebTokenError: invalid algorithm","rejected JsonWebTokenError: invalid algorithm",true,"rejected JsonWebTokenError: invalid algorithm",true
"PEM RSA public key as string","HS256 signed with the secret","algorithms [HS256]","rejected JsonWebTokenError: secretOrPublicKey must be a symmetric key when using HS256","rejected JsonWebTokenError: secretOrPublicKey must be a symmetric key when using HS256",true,"rejected JsonWebTokenError: secretOrPublicKey must be a symmetric key when using HS256",true
"PEM RSA public key as string","HS256 signed with the secret","algorithms [RS256]","rejected JsonWebTokenError: invalid algorithm","rejected JsonWebTokenError: invalid algorithm",true,"rejected JsonWebTokenError: invalid algorithm",true
"PEM RSA public key as string","HS256 signed with the secret","algorithms [HS256, RS256]","rejected JsonWebTokenError: secretOrPublicKey must be a symmetric key when using HS256","rejected JsonWebTokenError: secretOrPublicKey must be a symmetric key when using HS256",true,"rejected JsonWebTokenError: secretOrPublicKey must be a symmetric key when using HS256",true
"PEM RSA public key as string","HS256 HMACed with the RSA public PEM text","no algorithms option","rejected JsonWebTokenError: invalid algorithm","rejected JsonWebTokenError: invalid algorithm",true,"rejected JsonWebTokenError: invalid algorithm",true
"PEM RSA public key as string","HS256 HMACed with the RSA public PEM text","algorithms [HS256]","rejected JsonWebTokenError: secretOrPublicKey must be a symmetric key when using HS256","rejected JsonWebTokenError: secretOrPublicKey must be a symmetric key when using HS256",true,"rejected JsonWebTokenError: secretOrPublicKey must be a symmetric key when using HS256",true
"PEM RSA public key as string","HS256 HMACed with the RSA public PEM text","algorithms [RS256]","rejected JsonWebTokenError: invalid algorithm","rejected JsonWebTokenError: invalid algorithm",true,"rejected JsonWebTokenError: invalid algorithm",true
"PEM RSA public key as string","HS256 HMACed with the RSA public PEM text","algorithms [HS256, RS256]","rejected JsonWebTokenError: secretOrPublicKey must be a symmetric key when using HS256","rejected JsonWebTokenError: secretOrPublicKey must be a symmetric key when using HS256",true,"rejected JsonWebTokenError: secretOrPublicKey must be a symmetric key when using HS256",true
"PEM RSA public key as string","HS256 HMACed with the JWK text","no algorithms option","rejected JsonWebTokenError: invalid algorithm","rejected JsonWebTokenError: invalid algorithm",true,"rejected JsonWebTokenError: invalid algorithm",true
"PEM RSA public key as string","HS256 HMACed with the JWK text","algorithms [HS256]","rejected JsonWebTokenError: secretOrPublicKey must be a symmetric key when using HS256","rejected JsonWebTokenError: secretOrPublicKey must be a symmetric key when using HS256",true,"rejected JsonWebTokenError: secretOrPublicKey must be a symmetric key when using HS256",true
"PEM RSA public key as string","HS256 HMACed with the JWK text","algorithms [RS256]","rejected JsonWebTokenError: invalid algorithm","rejected JsonWebTokenError: invalid algorithm",true,"rejected JsonWebTokenError: invalid algorithm",true
"PEM RSA public key as string","HS256 HMACed with the JWK text","algorithms [HS256, RS256]","rejected JsonWebTokenError: secretOrPublicKey must be a symmetric key when using HS256","rejected JsonWebTokenError: secretOrPublicKey must be a symmetric key when using HS256",true,"rejected JsonWebTokenError: secretOrPublicKey must be a symmetric key when using HS256",true
"PEM RSA public key as string","RS256 signed with the RSA private key","no algorithms option","accepted {""sub"":""user0""}","accepted {""sub"":""user0""}",true,"accepted {""sub"":""user0""}",true
"PEM RSA public key as string","RS256 signed with the RSA private key","algorithms [HS256]","rejected JsonWebTokenError: invalid algorithm","rejected JsonWebTokenError: invalid algorithm",true,"rejected JsonWebTokenError: invalid algorithm",true
"PEM RSA public key as string","RS256 signed with the RSA private key","algorithms [RS256]","accepted {""sub"":""user0""}","accepted {""sub"":""user0""}",true,"accepted {""sub"":""user0""}",true
"PEM RSA public key as string","RS256 signed with the RSA private key","algorithms [HS256, RS256]","accepted {""sub"":""user0""}","accepted {""sub"":""user0""}",true,"accepted {""sub"":""user0""}",true
"PEM RSA public key as string","RS256 forged (random signature)","no algorithms option","rejected JsonWebTokenError: invalid signature","rejected JsonWebTokenError: invalid signature",true,"rejected JsonWebTokenError: invalid signature",true
"PEM RSA public key as string","RS256 forged (random signature)","algorithms [HS256]","rejected JsonWebTokenError: invalid algorithm","rejected JsonWebTokenError: invalid algorithm",true,"rejected JsonWebTokenError: invalid algorithm",true
"PEM RSA public key as string","RS256 forged (random signature)","algorithms [RS256]","rejected JsonWebTokenError: invalid signature","rejected JsonWebTokenError: invalid signature",true,"rejected JsonWebTokenError: invalid signature",true
"PEM RSA public key as string","RS256 forged (random signature)","algorithms [HS256, RS256]","rejected JsonWebTokenError: invalid signature","rejected JsonWebTokenError: invalid signature",true,"rejected JsonWebTokenError: invalid signature",true
"PEM RSA public key as string","HS256 forged (random signature)","no algorithms option","rejected JsonWebTokenError: invalid algorithm","rejected JsonWebTokenError: invalid algorithm",true,"rejected JsonWebTokenError: invalid algorithm",true
"PEM RSA public key as string","HS256 forged (random signature)","algorithms [HS256]","rejected JsonWebTokenError: secretOrPublicKey must be a symmetric key when using HS256","rejected JsonWebTokenError: secretOrPublicKey must be a symmetric key when using HS256",true,"rejected JsonWebTokenError: secretOrPublicKey must be a symmetric key when using HS256",true
"PEM RSA public key as string","HS256 forged (random signature)","algorithms [RS256]","rejected JsonWebTokenError: invalid algorithm","rejected JsonWebTokenError: invalid algorithm",true,"rejected JsonWebTokenError: invalid algorithm",true
"PEM RSA public key as string","HS256 forged (random signature)","algorithms [HS256, RS256]","rejected JsonWebTokenError: secretOrPublicKey must be a symmetric key when using HS256","rejected JsonWebTokenError: secretOrPublicKey must be a symmetric key when using HS256",true,"rejected JsonWebTokenError: secretOrPublicKey must be a symmetric key when using HS256",true
"PEM RSA public key as string","alg none","no algorithms option","rejected JsonWebTokenError: jwt signature is required","rejected JsonWebTokenError: jwt signature is required",true,"rejected JsonWebTokenError: jwt signature is required",true
"PEM RSA public key as string","alg none","algorithms [HS256]","rejected JsonWebTokenError: jwt signature is required","rejected JsonWebTokenError: jwt signature is required",true,"rejected JsonWebTokenError: jwt signature is required",true
"PEM RSA public key as string","alg none","algorithms [RS256]","rejected JsonWebTokenError: jwt signature is required","rejected JsonWebTokenError: jwt signature is required",true,"rejected JsonWebTokenError: jwt signature is required",true
"PEM RSA public key as string","alg none","algorithms [HS256, RS256]","rejected JsonWebTokenError: jwt signature is required","rejected JsonWebTokenError: jwt signature is required",true,"rejected JsonWebTokenError: jwt signature is required",true
"PEM RSA private key as string","HS256 signed with the secret","no algorithms option","rejected JsonWebTokenError: invalid algorithm","rejected JsonWebTokenError: invalid algorithm",true,"rejected JsonWebTokenError: invalid algorithm",true
"PEM RSA private key as string","HS256 signed with the secret","algorithms [HS256]","rejected JsonWebTokenError: secretOrPublicKey must be a symmetric key when using HS256","rejected JsonWebTokenError: secretOrPublicKey must be a symmetric key when using HS256",true,"rejected JsonWebTokenError: secretOrPublicKey must be a symmetric key when using HS256",true
"PEM RSA private key as string","HS256 signed with the secret","algorithms [RS256]","rejected JsonWebTokenError: invalid algorithm","rejected JsonWebTokenError: invalid algorithm",true,"rejected JsonWebTokenError: invalid algorithm",true
"PEM RSA private key as string","HS256 signed with the secret","algorithms [HS256, RS256]","rejected JsonWebTokenError: secretOrPublicKey must be a symmetric key when using HS256","rejected JsonWebTokenError: secretOrPublicKey must be a symmetric key when using HS256",true,"rejected JsonWebTokenError: secretOrPublicKey must be a symmetric key when using HS256",true
"PEM RSA private key as string","HS256 HMACed with the RSA public PEM text","no algorithms option","rejected JsonWebTokenError: invalid algorithm","rejected JsonWebTokenError: invalid algorithm",true,"rejected JsonWebTokenError: invalid algorithm",true
"PEM RSA private key as string","HS256 HMACed with the RSA public PEM text","algorithms [HS256]","rejected JsonWebTokenError: secretOrPublicKey must be a symmetric key when using HS256","rejected JsonWebTokenError: secretOrPublicKey must be a symmetric key when using HS256",true,"rejected JsonWebTokenError: secretOrPublicKey must be a symmetric key when using HS256",true
"PEM RSA private key as string","HS256 HMACed with the RSA public PEM text","algorithms [RS256]","rejected JsonWebTokenError: invalid algorithm","rejected JsonWebTokenError: invalid algorithm",true,"rejected JsonWebTokenError: invalid algorithm",true
"PEM RSA private key as string","HS256 HMACed with the RSA public PEM text","algorithms [HS256, RS256]","rejected JsonWebTokenError: secretOrPublicKey must be a symmetric key when using HS256","rejected JsonWebTokenError: secretOrPublicKey must be a symmetric key when using HS256",true,"rejected JsonWebTokenError: secretOrPublicKey must be a symmetric key when using HS256",true
"PEM RSA private key as string","HS256 HMACed with the JWK text","no algorithms option","rejected JsonWebTokenError: invalid algorithm","rejected JsonWebTokenError: invalid algorithm",true,"rejected JsonWebTokenError: invalid algorithm",true
"PEM RSA private key as string","HS256 HMACed with the JWK text","algorithms [HS256]","rejected JsonWebTokenError: secretOrPublicKey must be a symmetric key when using HS256","rejected JsonWebTokenError: secretOrPublicKey must be a symmetric key when using HS256",true,"rejected JsonWebTokenError: secretOrPublicKey must be a symmetric key when using HS256",true
"PEM RSA private key as string","HS256 HMACed with the JWK text","algorithms [RS256]","rejected JsonWebTokenError: invalid algorithm","rejected JsonWebTokenError: invalid algorithm",true,"rejected JsonWebTokenError: invalid algorithm",true
"PEM RSA private key as string","HS256 HMACed with the JWK text","algorithms [HS256, RS256]","rejected JsonWebTokenError: secretOrPublicKey must be a symmetric key when using HS256","rejected JsonWebTokenError: secretOrPublicKey must be a symmetric key when using HS256",true,"rejected JsonWebTokenError: secretOrPublicKey must be a symmetric key when using HS256",true
"PEM RSA private key as string","RS256 signed with the RSA private key","no algorithms option","accepted {""sub"":""user0""}","accepted {""sub"":""user0""}",true,"accepted {""sub"":""user0""}",true
"PEM RSA private key as string","RS256 signed with the RSA private key","algorithms [HS256]","rejected JsonWebTokenError: invalid algorithm","rejected JsonWebTokenError: invalid algorithm",true,"rejected JsonWebTokenError: invalid algorithm",true
"PEM RSA private key as string","RS256 signed with the RSA private key","algorithms [RS256]","accepted {""sub"":""user0""}","accepted {""sub"":""user0""}",true,"accepted {""sub"":""user0""}",true
"PEM RSA private key as string","RS256 signed with the RSA private key","algorithms [HS256, RS256]","accepted {""sub"":""user0""}","accepted {""sub"":""user0""}",true,"accepted {""sub"":""user0""}",true
"PEM RSA private key as string","RS256 forged (random signature)","no algorithms option","rejected JsonWebTokenError: invalid signature","rejected JsonWebTokenError: invalid signature",true,"rejected JsonWebTokenError: invalid signature",true
"PEM RSA private key as string","RS256 forged (random signature)","algorithms [HS256]","rejected JsonWebTokenError: invalid algorithm","rejected JsonWebTokenError: invalid algorithm",true,"rejected JsonWebTokenError: invalid algorithm",true
"PEM RSA private key as string","RS256 forged (random signature)","algorithms [RS256]","rejected JsonWebTokenError: invalid signature","rejected JsonWebTokenError: invalid signature",true,"rejected JsonWebTokenError: invalid signature",true
"PEM RSA private key as string","RS256 forged (random signature)","algorithms [HS256, RS256]","rejected JsonWebTokenError: invalid signature","rejected JsonWebTokenError: invalid signature",true,"rejected JsonWebTokenError: invalid signature",true
"PEM RSA private key as string","HS256 forged (random signature)","no algorithms option","rejected JsonWebTokenError: invalid algorithm","rejected JsonWebTokenError: invalid algorithm",true,"rejected JsonWebTokenError: invalid algorithm",true
"PEM RSA private key as string","HS256 forged (random signature)","algorithms [HS256]","rejected JsonWebTokenError: secretOrPublicKey must be a symmetric key when using HS256","rejected JsonWebTokenError: secretOrPublicKey must be a symmetric key when using HS256",true,"rejected JsonWebTokenError: secretOrPublicKey must be a symmetric key when using HS256",true
"PEM RSA private key as string","HS256 forged (random signature)","algorithms [RS256]","rejected JsonWebTokenError: invalid algorithm","rejected JsonWebTokenError: invalid algorithm",true,"rejected JsonWebTokenError: invalid algorithm",true
"PEM RSA private key as string","HS256 forged (random signature)","algorithms [HS256, RS256]","rejected JsonWebTokenError: secretOrPublicKey must be a symmetric key when using HS256","rejected JsonWebTokenError: secretOrPublicKey must be a symmetric key when using HS256",true,"rejected JsonWebTokenError: secretOrPublicKey must be a symmetric key when using HS256",true
"PEM RSA private key as string","alg none","no algorithms option","rejected JsonWebTokenError: jwt signature is required","rejected JsonWebTokenError: jwt signature is required",true,"rejected JsonWebTokenError: jwt signature is required",true
"PEM RSA private key as string","alg none","algorithms [HS256]","rejected JsonWebTokenError: jwt signature is required","rejected JsonWebTokenError: jwt signature is required",true,"rejected JsonWebTokenError: jwt signature is required",true
"PEM RSA private key as string","alg none","algorithms [RS256]","rejected JsonWebTokenError: jwt signature is required","rejected JsonWebTokenError: jwt signature is required",true,"rejected JsonWebTokenError: jwt signature is required",true
"PEM RSA private key as string","alg none","algorithms [HS256, RS256]","rejected JsonWebTokenError: jwt signature is required","rejected JsonWebTokenError: jwt signature is required",true,"rejected JsonWebTokenError: jwt signature is required",true
"PEM EC public key as string","HS256 signed with the secret","no algorithms option","rejected JsonWebTokenError: invalid algorithm","rejected JsonWebTokenError: invalid algorithm",true,"rejected JsonWebTokenError: invalid algorithm",true
"PEM EC public key as string","HS256 signed with the secret","algorithms [HS256]","rejected JsonWebTokenError: secretOrPublicKey must be a symmetric key when using HS256","rejected JsonWebTokenError: secretOrPublicKey must be a symmetric key when using HS256",true,"rejected JsonWebTokenError: secretOrPublicKey must be a symmetric key when using HS256",true
"PEM EC public key as string","HS256 signed with the secret","algorithms [RS256]","rejected JsonWebTokenError: invalid algorithm","rejected JsonWebTokenError: invalid algorithm",true,"rejected JsonWebTokenError: invalid algorithm",true
"PEM EC public key as string","HS256 signed with the secret","algorithms [HS256, RS256]","rejected JsonWebTokenError: secretOrPublicKey must be a symmetric key when using HS256","rejected JsonWebTokenError: secretOrPublicKey must be a symmetric key when using HS256",true,"rejected JsonWebTokenError: secretOrPublicKey must be a symmetric key when using HS256",true
"PEM EC public key as string","HS256 HMACed with the RSA public PEM text","no algorithms option","rejected JsonWebTokenError: invalid algorithm","rejected JsonWebTokenError: invalid algorithm",true,"rejected JsonWebTokenError: invalid algorithm",true
"PEM EC public key as string","HS256 HMACed with the RSA public PEM text","algorithms [HS256]","rejected JsonWebTokenError: secretOrPublicKey must be a symmetric key when using HS256","rejected JsonWebTokenError: secretOrPublicKey must be a symmetric key when using HS256",true,"rejected JsonWebTokenError: secretOrPublicKey must be a symmetric key when using HS256",true
"PEM EC public key as string","HS256 HMACed with the RSA public PEM text","algorithms [RS256]","rejected JsonWebTokenError: invalid algorithm","rejected JsonWebTokenError: invalid algorithm",true,"rejected JsonWebTokenError: invalid algorithm",true
"PEM EC public key as string","HS256 HMACed with the RSA public PEM text","algorithms [HS256, RS256]","rejected JsonWebTokenError: secretOrPublicKey must be a symmetric key when using HS256","rejected JsonWebTokenError: secretOrPublicKey must be a symmetric key when using HS256",true,"rejected JsonWebTokenError: secretOrPublicKey must be a symmetric key when using HS256",true
"PEM EC public key as string","HS256 HMACed with the JWK text","no algorithms option","rejected JsonWebTokenError: invalid algorithm","rejected JsonWebTokenError: invalid algorithm",true,"rejected JsonWebTokenError: invalid algorithm",true
"PEM EC public key as string","HS256 HMACed with the JWK text","algorithms [HS256]","rejected JsonWebTokenError: secretOrPublicKey must be a symmetric key when using HS256","rejected JsonWebTokenError: secretOrPublicKey must be a symmetric key when using HS256",true,"rejected JsonWebTokenError: secretOrPublicKey must be a symmetric key when using HS256",true
"PEM EC public key as string","HS256 HMACed with the JWK text","algorithms [RS256]","rejected JsonWebTokenError: invalid algorithm","rejected JsonWebTokenError: invalid algorithm",true,"rejected JsonWebTokenError: invalid algorithm",true
"PEM EC public key as string","HS256 HMACed with the JWK text","algorithms [HS256, RS256]","rejected JsonWebTokenError: secretOrPublicKey must be a symmetric key when using HS256","rejected JsonWebTokenError: secretOrPublicKey must be a symmetric key when using HS256",true,"rejected JsonWebTokenError: secretOrPublicKey must be a symmetric key when using HS256",true
"PEM EC public key as string","RS256 signed with the RSA private key","no algorithms option","rejected JsonWebTokenError: invalid algorithm","rejected JsonWebTokenError: invalid algorithm",true,"rejected JsonWebTokenError: invalid algorithm",true
"PEM EC public key as string","RS256 signed with the RSA private key","algorithms [HS256]","rejected JsonWebTokenError: invalid algorithm","rejected JsonWebTokenError: invalid algorithm",true,"rejected JsonWebTokenError: invalid algorithm",true
"PEM EC public key as string","RS256 signed with the RSA private key","algorithms [RS256]","rejected Error: ""alg"" parameter for ""ec"" key type must be one of: ES256, ES384, ES512.","rejected Error: ""alg"" parameter for ""ec"" key type must be one of: ES256, ES384, ES512.",true,"rejected Error: ""alg"" parameter for ""ec"" key type must be one of: ES256, ES384, ES512.",true
"PEM EC public key as string","RS256 signed with the RSA private key","algorithms [HS256, RS256]","rejected Error: ""alg"" parameter for ""ec"" key type must be one of: ES256, ES384, ES512.","rejected Error: ""alg"" parameter for ""ec"" key type must be one of: ES256, ES384, ES512.",true,"rejected Error: ""alg"" parameter for ""ec"" key type must be one of: ES256, ES384, ES512.",true
"PEM EC public key as string","RS256 forged (random signature)","no algorithms option","rejected JsonWebTokenError: invalid algorithm","rejected JsonWebTokenError: invalid algorithm",true,"rejected JsonWebTokenError: invalid algorithm",true
"PEM EC public key as string","RS256 forged (random signature)","algorithms [HS256]","rejected JsonWebTokenError: invalid algorithm","rejected JsonWebTokenError: invalid algorithm",true,"rejected JsonWebTokenError: invalid algorithm",true
"PEM EC public key as string","RS256 forged (random signature)","algorithms [RS256]","rejected Error: ""alg"" parameter for ""ec"" key type must be one of: ES256, ES384, ES512.","rejected Error: ""alg"" parameter for ""ec"" key type must be one of: ES256, ES384, ES512.",true,"rejected Error: ""alg"" parameter for ""ec"" key type must be one of: ES256, ES384, ES512.",true
"PEM EC public key as string","RS256 forged (random signature)","algorithms [HS256, RS256]","rejected Error: ""alg"" parameter for ""ec"" key type must be one of: ES256, ES384, ES512.","rejected Error: ""alg"" parameter for ""ec"" key type must be one of: ES256, ES384, ES512.",true,"rejected Error: ""alg"" parameter for ""ec"" key type must be one of: ES256, ES384, ES512.",true
"PEM EC public key as string","HS256 forged (random signature)","no algorithms option","rejected JsonWebTokenError: invalid algorithm","rejected JsonWebTokenError: invalid algorithm",true,"rejected JsonWebTokenError: invalid algorithm",true
"PEM EC public key as string","HS256 forged (random signature)","algorithms [HS256]","rejected JsonWebTokenError: secretOrPublicKey must be a symmetric key when using HS256","rejected JsonWebTokenError: secretOrPublicKey must be a symmetric key when using HS256",true,"rejected JsonWebTokenError: secretOrPublicKey must be a symmetric key when using HS256",true
"PEM EC public key as string","HS256 forged (random signature)","algorithms [RS256]","rejected JsonWebTokenError: invalid algorithm","rejected JsonWebTokenError: invalid algorithm",true,"rejected JsonWebTokenError: invalid algorithm",true
"PEM EC public key as string","HS256 forged (random signature)","algorithms [HS256, RS256]","rejected JsonWebTokenError: secretOrPublicKey must be a symmetric key when using HS256","rejected JsonWebTokenError: secretOrPublicKey must be a symmetric key when using HS256",true,"rejected JsonWebTokenError: secretOrPublicKey must be a symmetric key when using HS256",true
"PEM EC public key as string","alg none","no algorithms option","rejected JsonWebTokenError: jwt signature is required","rejected JsonWebTokenError: jwt signature is required",true,"rejected JsonWebTokenError: jwt signature is required",true
"PEM EC public key as string","alg none","algorithms [HS256]","rejected JsonWebTokenError: jwt signature is required","rejected JsonWebTokenError: jwt signature is required",true,"rejected JsonWebTokenError: jwt signature is required",true
"PEM EC public key as string","alg none","algorithms [RS256]","rejected JsonWebTokenError: jwt signature is required","rejected JsonWebTokenError: jwt signature is required",true,"rejected JsonWebTokenError: jwt signature is required",true
"PEM EC public key as string","alg none","algorithms [HS256, RS256]","rejected JsonWebTokenError: jwt signature is required","rejected JsonWebTokenError: jwt signature is required",true,"rejected JsonWebTokenError: jwt signature is required",true
"JWK RSA public key as string","HS256 signed with the secret","no algorithms option","rejected JsonWebTokenError: invalid signature","rejected JsonWebTokenError: invalid signature",true,"rejected JsonWebTokenError: invalid signature",true
"JWK RSA public key as string","HS256 signed with the secret","algorithms [HS256]","rejected JsonWebTokenError: invalid signature","rejected JsonWebTokenError: invalid signature",true,"rejected JsonWebTokenError: invalid signature",true
"JWK RSA public key as string","HS256 signed with the secret","algorithms [RS256]","rejected JsonWebTokenError: invalid algorithm","rejected JsonWebTokenError: invalid algorithm",true,"rejected JsonWebTokenError: invalid algorithm",true
"JWK RSA public key as string","HS256 signed with the secret","algorithms [HS256, RS256]","rejected JsonWebTokenError: invalid signature","rejected JsonWebTokenError: invalid signature",true,"rejected JsonWebTokenError: invalid signature",true
"JWK RSA public key as string","HS256 HMACed with the RSA public PEM text","no algorithms option","rejected JsonWebTokenError: invalid signature","rejected JsonWebTokenError: invalid signature",true,"rejected JsonWebTokenError: invalid signature",true
"JWK RSA public key as string","HS256 HMACed with the RSA public PEM text","algorithms [HS256]","rejected JsonWebTokenError: invalid signature","rejected JsonWebTokenError: invalid signature",true,"rejected JsonWebTokenError: invalid signature",true
"JWK RSA public key as string","HS256 HMACed with the RSA public PEM text","algorithms [RS256]","rejected JsonWebTokenError: invalid algorithm","rejected JsonWebTokenError: invalid algorithm",true,"rejected JsonWebTokenError: invalid algorithm",true
"JWK RSA public key as string","HS256 HMACed with the RSA public PEM text","algorithms [HS256, RS256]","rejected JsonWebTokenError: invalid signature","rejected JsonWebTokenError: invalid signature",true,"rejected JsonWebTokenError: invalid signature",true
"JWK RSA public key as string","HS256 HMACed with the JWK text","no algorithms option","accepted {""sub"":""user0"",""iat"":1700000000}","accepted {""sub"":""user0"",""iat"":1700000000}",true,"accepted {""sub"":""user0"",""iat"":1700000000}",true
"JWK RSA public key as string","HS256 HMACed with the JWK text","algorithms [HS256]","accepted {""sub"":""user0"",""iat"":1700000000}","accepted {""sub"":""user0"",""iat"":1700000000}",true,"accepted {""sub"":""user0"",""iat"":1700000000}",true
"JWK RSA public key as string","HS256 HMACed with the JWK text","algorithms [RS256]","rejected JsonWebTokenError: invalid algorithm","rejected JsonWebTokenError: invalid algorithm",true,"rejected JsonWebTokenError: invalid algorithm",true
"JWK RSA public key as string","HS256 HMACed with the JWK text","algorithms [HS256, RS256]","accepted {""sub"":""user0"",""iat"":1700000000}","accepted {""sub"":""user0"",""iat"":1700000000}",true,"accepted {""sub"":""user0"",""iat"":1700000000}",true
"JWK RSA public key as string","RS256 signed with the RSA private key","no algorithms option","rejected JsonWebTokenError: invalid algorithm","rejected JsonWebTokenError: invalid algorithm",true,"rejected JsonWebTokenError: invalid algorithm",true
"JWK RSA public key as string","RS256 signed with the RSA private key","algorithms [HS256]","rejected JsonWebTokenError: invalid algorithm","rejected JsonWebTokenError: invalid algorithm",true,"rejected JsonWebTokenError: invalid algorithm",true
"JWK RSA public key as string","RS256 signed with the RSA private key","algorithms [RS256]","rejected JsonWebTokenError: secretOrPublicKey must be an asymmetric key when using RS256","rejected JsonWebTokenError: secretOrPublicKey must be an asymmetric key when using RS256",true,"rejected JsonWebTokenError: secretOrPublicKey must be an asymmetric key when using RS256",true
"JWK RSA public key as string","RS256 signed with the RSA private key","algorithms [HS256, RS256]","rejected JsonWebTokenError: secretOrPublicKey must be an asymmetric key when using RS256","rejected JsonWebTokenError: secretOrPublicKey must be an asymmetric key when using RS256",true,"rejected JsonWebTokenError: secretOrPublicKey must be an asymmetric key when using RS256",true
"JWK RSA public key as string","RS256 forged (random signature)","no algorithms option","rejected JsonWebTokenError: invalid algorithm","rejected JsonWebTokenError: invalid algorithm",true,"rejected JsonWebTokenError: invalid algorithm",true
"JWK RSA public key as string","RS256 forged (random signature)","algorithms [HS256]","rejected JsonWebTokenError: invalid algorithm","rejected JsonWebTokenError: invalid algorithm",true,"rejected JsonWebTokenError: invalid algorithm",true
"JWK RSA public key as string","RS256 forged (random signature)","algorithms [RS256]","rejected JsonWebTokenError: secretOrPublicKey must be an asymmetric key when using RS256","rejected JsonWebTokenError: secretOrPublicKey must be an asymmetric key when using RS256",true,"rejected JsonWebTokenError: secretOrPublicKey must be an asymmetric key when using RS256",true
"JWK RSA public key as string","RS256 forged (random signature)","algorithms [HS256, RS256]","rejected JsonWebTokenError: secretOrPublicKey must be an asymmetric key when using RS256","rejected JsonWebTokenError: secretOrPublicKey must be an asymmetric key when using RS256",true,"rejected JsonWebTokenError: secretOrPublicKey must be an asymmetric key when using RS256",true
"JWK RSA public key as string","HS256 forged (random signature)","no algorithms option","rejected JsonWebTokenError: invalid signature","rejected JsonWebTokenError: invalid signature",true,"rejected JsonWebTokenError: invalid signature",true
"JWK RSA public key as string","HS256 forged (random signature)","algorithms [HS256]","rejected JsonWebTokenError: invalid signature","rejected JsonWebTokenError: invalid signature",true,"rejected JsonWebTokenError: invalid signature",true
"JWK RSA public key as string","HS256 forged (random signature)","algorithms [RS256]","rejected JsonWebTokenError: invalid algorithm","rejected JsonWebTokenError: invalid algorithm",true,"rejected JsonWebTokenError: invalid algorithm",true
"JWK RSA public key as string","HS256 forged (random signature)","algorithms [HS256, RS256]","rejected JsonWebTokenError: invalid signature","rejected JsonWebTokenError: invalid signature",true,"rejected JsonWebTokenError: invalid signature",true
"JWK RSA public key as string","alg none","no algorithms option","rejected JsonWebTokenError: jwt signature is required","rejected JsonWebTokenError: jwt signature is required",true,"rejected JsonWebTokenError: jwt signature is required",true
"JWK RSA public key as string","alg none","algorithms [HS256]","rejected JsonWebTokenError: jwt signature is required","rejected JsonWebTokenError: jwt signature is required",true,"rejected JsonWebTokenError: jwt signature is required",true
"JWK RSA public key as string","alg none","algorithms [RS256]","rejected JsonWebTokenError: jwt signature is required","rejected JsonWebTokenError: jwt signature is required",true,"rejected JsonWebTokenError: jwt signature is required",true
"JWK RSA public key as string","alg none","algorithms [HS256, RS256]","rejected JsonWebTokenError: jwt signature is required","rejected JsonWebTokenError: jwt signature is required",true,"rejected JsonWebTokenError: jwt signature is required",true
"empty string","HS256 signed with the secret","no algorithms option","rejected JsonWebTokenError: secret or public key must be provided","rejected JsonWebTokenError: secret or public key must be provided",true,"rejected JsonWebTokenError: secret or public key must be provided",true
"empty string","HS256 signed with the secret","algorithms [HS256]","rejected JsonWebTokenError: secret or public key must be provided","rejected JsonWebTokenError: secret or public key must be provided",true,"rejected JsonWebTokenError: secret or public key must be provided",true
"empty string","HS256 signed with the secret","algorithms [RS256]","rejected JsonWebTokenError: secret or public key must be provided","rejected JsonWebTokenError: secret or public key must be provided",true,"rejected JsonWebTokenError: secret or public key must be provided",true
"empty string","HS256 signed with the secret","algorithms [HS256, RS256]","rejected JsonWebTokenError: secret or public key must be provided","rejected JsonWebTokenError: secret or public key must be provided",true,"rejected JsonWebTokenError: secret or public key must be provided",true
"empty string","HS256 HMACed with the RSA public PEM text","no algorithms option","rejected JsonWebTokenError: secret or public key must be provided","rejected JsonWebTokenError: secret or public key must be provided",true,"rejected JsonWebTokenError: secret or public key must be provided",true
"empty string","HS256 HMACed with the RSA public PEM text","algorithms [HS256]","rejected JsonWebTokenError: secret or public key must be provided","rejected JsonWebTokenError: secret or public key must be provided",true,"rejected JsonWebTokenError: secret or public key must be provided",true
"empty string","HS256 HMACed with the RSA public PEM text","algorithms [RS256]","rejected JsonWebTokenError: secret or public key must be provided","rejected JsonWebTokenError: secret or public key must be provided",true,"rejected JsonWebTokenError: secret or public key must be provided",true
"empty string","HS256 HMACed with the RSA public PEM text","algorithms [HS256, RS256]","rejected JsonWebTokenError: secret or public key must be provided","rejected JsonWebTokenError: secret or public key must be provided",true,"rejected JsonWebTokenError: secret or public key must be provided",true
"empty string","HS256 HMACed with the JWK text","no algorithms option","rejected JsonWebTokenError: secret or public key must be provided","rejected JsonWebTokenError: secret or public key must be provided",true,"rejected JsonWebTokenError: secret or public key must be provided",true
"empty string","HS256 HMACed with the JWK text","algorithms [HS256]","rejected JsonWebTokenError: secret or public key must be provided","rejected JsonWebTokenError: secret or public key must be provided",true,"rejected JsonWebTokenError: secret or public key must be provided",true
"empty string","HS256 HMACed with the JWK text","algorithms [RS256]","rejected JsonWebTokenError: secret or public key must be provided","rejected JsonWebTokenError: secret or public key must be provided",true,"rejected JsonWebTokenError: secret or public key must be provided",true
"empty string","HS256 HMACed with the JWK text","algorithms [HS256, RS256]","rejected JsonWebTokenError: secret or public key must be provided","rejected JsonWebTokenError: secret or public key must be provided",true,"rejected JsonWebTokenError: secret or public key must be provided",true
"empty string","RS256 signed with the RSA private key","no algorithms option","rejected JsonWebTokenError: secret or public key must be provided","rejected JsonWebTokenError: secret or public key must be provided",true,"rejected JsonWebTokenError: secret or public key must be provided",true
"empty string","RS256 signed with the RSA private key","algorithms [HS256]","rejected JsonWebTokenError: secret or public key must be provided","rejected JsonWebTokenError: secret or public key must be provided",true,"rejected JsonWebTokenError: secret or public key must be provided",true
"empty string","RS256 signed with the RSA private key","algorithms [RS256]","rejected JsonWebTokenError: secret or public key must be provided","rejected JsonWebTokenError: secret or public key must be provided",true,"rejected JsonWebTokenError: secret or public key must be provided",true
"empty string","RS256 signed with the RSA private key","algorithms [HS256, RS256]","rejected JsonWebTokenError: secret or public key must be provided","rejected JsonWebTokenError: secret or public key must be provided",true,"rejected JsonWebTokenError: secret or public key must be provided",true
"empty string","RS256 forged (random signature)","no algorithms option","rejected JsonWebTokenError: secret or public key must be provided","rejected JsonWebTokenError: secret or public key must be provided",true,"rejected JsonWebTokenError: secret or public key must be provided",true
"empty string","RS256 forged (random signature)","algorithms [HS256]","rejected JsonWebTokenError: secret or public key must be provided","rejected JsonWebTokenError: secret or public key must be provided",true,"rejected JsonWebTokenError: secret or public key must be provided",true
"empty string","RS256 forged (random signature)","algorithms [RS256]","rejected JsonWebTokenError: secret or public key must be provided","rejected JsonWebTokenError: secret or public key must be provided",true,"rejected JsonWebTokenError: secret or public key must be provided",true
"empty string","RS256 forged (random signature)","algorithms [HS256, RS256]","rejected JsonWebTokenError: secret or public key must be provided","rejected JsonWebTokenError: secret or public key must be provided",true,"rejected JsonWebTokenError: secret or public key must be provided",true
"empty string","HS256 forged (random signature)","no algorithms option","rejected JsonWebTokenError: secret or public key must be provided","rejected JsonWebTokenError: secret or public key must be provided",true,"rejected JsonWebTokenError: secret or public key must be provided",true
"empty string","HS256 forged (random signature)","algorithms [HS256]","rejected JsonWebTokenError: secret or public key must be provided","rejected JsonWebTokenError: secret or public key must be provided",true,"rejected JsonWebTokenError: secret or public key must be provided",true
"empty string","HS256 forged (random signature)","algorithms [RS256]","rejected JsonWebTokenError: secret or public key must be provided","rejected JsonWebTokenError: secret or public key must be provided",true,"rejected JsonWebTokenError: secret or public key must be provided",true
"empty string","HS256 forged (random signature)","algorithms [HS256, RS256]","rejected JsonWebTokenError: secret or public key must be provided","rejected JsonWebTokenError: secret or public key must be provided",true,"rejected JsonWebTokenError: secret or public key must be provided",true
"empty string","alg none","no algorithms option","rejected JsonWebTokenError: please specify ""none"" in ""algorithms"" to verify unsigned tokens","rejected JsonWebTokenError: please specify ""none"" in ""algorithms"" to verify unsigned tokens",true,"rejected JsonWebTokenError: please specify ""none"" in ""algorithms"" to verify unsigned tokens",true
"empty string","alg none","algorithms [HS256]","rejected JsonWebTokenError: invalid algorithm","rejected JsonWebTokenError: invalid algorithm",true,"rejected JsonWebTokenError: invalid algorithm",true
"empty string","alg none","algorithms [RS256]","rejected JsonWebTokenError: invalid algorithm","rejected JsonWebTokenError: invalid algorithm",true,"rejected JsonWebTokenError: invalid algorithm",true
"empty string","alg none","algorithms [HS256, RS256]","rejected JsonWebTokenError: invalid algorithm","rejected JsonWebTokenError: invalid algorithm",true,"rejected JsonWebTokenError: invalid algorithm",true
"PEM RSA public key with leading newline","HS256 signed with the secret","no algorithms option","rejected JsonWebTokenError: invalid signature","rejected JsonWebTokenError: invalid signature",true,"rejected JsonWebTokenError: invalid signature",true
"PEM RSA public key with leading newline","HS256 signed with the secret","algorithms [HS256]","rejected JsonWebTokenError: invalid signature","rejected JsonWebTokenError: invalid signature",true,"rejected JsonWebTokenError: invalid signature",true
"PEM RSA public key with leading newline","HS256 signed with the secret","algorithms [RS256]","rejected JsonWebTokenError: invalid algorithm","rejected JsonWebTokenError: invalid algorithm",true,"rejected JsonWebTokenError: invalid algorithm",true
"PEM RSA public key with leading newline","HS256 signed with the secret","algorithms [HS256, RS256]","rejected JsonWebTokenError: invalid signature","rejected JsonWebTokenError: invalid signature",true,"rejected JsonWebTokenError: invalid signature",true
"PEM RSA public key with leading newline","HS256 HMACed with the RSA public PEM text","no algorithms option","rejected JsonWebTokenError: invalid signature","rejected JsonWebTokenError: invalid signature",true,"rejected JsonWebTokenError: invalid signature",true
"PEM RSA public key with leading newline","HS256 HMACed with the RSA public PEM text","algorithms [HS256]","rejected JsonWebTokenError: invalid signature","rejected JsonWebTokenError: invalid signature",true,"rejected JsonWebTokenError: invalid signature",true
"PEM RSA public key with leading newline","HS256 HMACed with the RSA public PEM text","algorithms [RS256]","rejected JsonWebTokenError: invalid algorithm","rejected JsonWebTokenError: invalid algorithm",true,"rejected JsonWebTokenError: invalid algorithm",true
"PEM RSA public key with leading newline","HS256 HMACed with the RSA public PEM text","algorithms [HS256, RS256]","rejected JsonWebTokenError: invalid signature","rejected JsonWebTokenError: invalid signature",true,"rejected JsonWebTokenError: invalid signature",true
"PEM RSA public key with leading newline","HS256 HMACed with the JWK text","no algorithms option","rejected JsonWebTokenError: invalid signature","rejected JsonWebTokenError: invalid signature",true,"rejected JsonWebTokenError: invalid signature",true
"PEM RSA public key with leading newline","HS256 HMACed with the JWK text","algorithms [HS256]","rejected JsonWebTokenError: invalid signature","rejected JsonWebTokenError: invalid signature",true,"rejected JsonWebTokenError: invalid signature",true
"PEM RSA public key with leading newline","HS256 HMACed with the JWK text","algorithms [RS256]","rejected JsonWebTokenError: invalid algorithm","rejected JsonWebTokenError: invalid algorithm",true,"rejected JsonWebTokenError: invalid algorithm",true
"PEM RSA public key with leading newline","HS256 HMACed with the JWK text","algorithms [HS256, RS256]","rejected JsonWebTokenError: invalid signature","rejected JsonWebTokenError: invalid signature",true,"rejected JsonWebTokenError: invalid signature",true
"PEM RSA public key with leading newline","RS256 signed with the RSA private key","no algorithms option","rejected JsonWebTokenError: invalid algorithm","rejected JsonWebTokenError: invalid algorithm",true,"rejected JsonWebTokenError: invalid algorithm",true
"PEM RSA public key with leading newline","RS256 signed with the RSA private key","algorithms [HS256]","rejected JsonWebTokenError: invalid algorithm","rejected JsonWebTokenError: invalid algorithm",true,"rejected JsonWebTokenError: invalid algorithm",true
"PEM RSA public key with leading newline","RS256 signed with the RSA private key","algorithms [RS256]","rejected JsonWebTokenError: secretOrPublicKey must be an asymmetric key when using RS256","rejected JsonWebTokenError: secretOrPublicKey must be an asymmetric key when using RS256",true,"rejected JsonWebTokenError: secretOrPublicKey must be an asymmetric key when using RS256",true
"PEM RSA public key with leading newline","RS256 signed with the RSA private key","algorithms [HS256, RS256]","rejected JsonWebTokenError: secretOrPublicKey must be an asymmetric key when using RS256","rejected JsonWebTokenError: secretOrPublicKey must be an asymmetric key when using RS256",true,"rejected JsonWebTokenError: secretOrPublicKey must be an asymmetric key when using RS256",true
"PEM RSA public key with leading newline","RS256 forged (random signature)","no algorithms option","rejected JsonWebTokenError: invalid algorithm","rejected JsonWebTokenError: invalid algorithm",true,"rejected JsonWebTokenError: invalid algorithm",true
"PEM RSA public key with leading newline","RS256 forged (random signature)","algorithms [HS256]","rejected JsonWebTokenError: invalid algorithm","rejected JsonWebTokenError: invalid algorithm",true,"rejected JsonWebTokenError: invalid algorithm",true
"PEM RSA public key with leading newline","RS256 forged (random signature)","algorithms [RS256]","rejected JsonWebTokenError: secretOrPublicKey must be an asymmetric key when using RS256","rejected JsonWebTokenError: secretOrPublicKey must be an asymmetric key when using RS256",true,"rejected JsonWebTokenError: secretOrPublicKey must be an asymmetric key when using RS256",true
"PEM RSA public key with leading newline","RS256 forged (random signature)","algorithms [HS256, RS256]","rejected JsonWebTokenError: secretOrPublicKey must be an asymmetric key when using RS256","rejected JsonWebTokenError: secretOrPublicKey must be an asymmetric key when using RS256",true,"rejected JsonWebTokenError: secretOrPublicKey must be an asymmetric key when using RS256",true
"PEM RSA public key with leading newline","HS256 forged (random signature)","no algorithms option","rejected JsonWebTokenError: invalid signature","rejected JsonWebTokenError: invalid signature",true,"rejected JsonWebTokenError: invalid signature",true
"PEM RSA public key with leading newline","HS256 forged (random signature)","algorithms [HS256]","rejected JsonWebTokenError: invalid signature","rejected JsonWebTokenError: invalid signature",true,"rejected JsonWebTokenError: invalid signature",true
"PEM RSA public key with leading newline","HS256 forged (random signature)","algorithms [RS256]","rejected JsonWebTokenError: invalid algorithm","rejected JsonWebTokenError: invalid algorithm",true,"rejected JsonWebTokenError: invalid algorithm",true
"PEM RSA public key with leading newline","HS256 forged (random signature)","algorithms [HS256, RS256]","rejected JsonWebTokenError: invalid signature","rejected JsonWebTokenError: invalid signature",true,"rejected JsonWebTokenError: invalid signature",true
"PEM RSA public key with leading newline","alg none","no algorithms option","rejected JsonWebTokenError: jwt signature is required","rejected JsonWebTokenError: jwt signature is required",true,"rejected JsonWebTokenError: jwt signature is required",true
"PEM RSA public key with leading newline","alg none","algorithms [HS256]","rejected JsonWebTokenError: jwt signature is required","rejected JsonWebTokenError: jwt signature is required",true,"rejected JsonWebTokenError: jwt signature is required",true
"PEM RSA public key with leading newline","alg none","algorithms [RS256]","rejected JsonWebTokenError: jwt signature is required","rejected JsonWebTokenError: jwt signature is required",true,"rejected JsonWebTokenError: jwt signature is required",true
"PEM RSA public key with leading newline","alg none","algorithms [HS256, RS256]","rejected JsonWebTokenError: jwt signature is required","rejected JsonWebTokenError: jwt signature is required",true,"rejected JsonWebTokenError: jwt signature is required",true
"PEM RSA public key as Buffer","HS256 signed with the secret","no algorithms option","rejected JsonWebTokenError: invalid algorithm","rejected JsonWebTokenError: invalid algorithm",true,"rejected JsonWebTokenError: invalid algorithm",true
"PEM RSA public key as Buffer","HS256 signed with the secret","algorithms [HS256]","rejected JsonWebTokenError: secretOrPublicKey must be a symmetric key when using HS256","rejected JsonWebTokenError: secretOrPublicKey must be a symmetric key when using HS256",true,"rejected JsonWebTokenError: secretOrPublicKey must be a symmetric key when using HS256",true
"PEM RSA public key as Buffer","HS256 signed with the secret","algorithms [RS256]","rejected JsonWebTokenError: invalid algorithm","rejected JsonWebTokenError: invalid algorithm",true,"rejected JsonWebTokenError: invalid algorithm",true
"PEM RSA public key as Buffer","HS256 signed with the secret","algorithms [HS256, RS256]","rejected JsonWebTokenError: secretOrPublicKey must be a symmetric key when using HS256","rejected JsonWebTokenError: secretOrPublicKey must be a symmetric key when using HS256",true,"rejected JsonWebTokenError: secretOrPublicKey must be a symmetric key when using HS256",true
"PEM RSA public key as Buffer","HS256 HMACed with the RSA public PEM text","no algorithms option","rejected JsonWebTokenError: invalid algorithm","rejected JsonWebTokenError: invalid algorithm",true,"rejected JsonWebTokenError: invalid algorithm",true
"PEM RSA public key as Buffer","HS256 HMACed with the RSA public PEM text","algorithms [HS256]","rejected JsonWebTokenError: secretOrPublicKey must be a symmetric key when using HS256","rejected JsonWebTokenError: secretOrPublicKey must be a symmetric key when using HS256",true,"rejected JsonWebTokenError: secretOrPublicKey must be a symmetric key when using HS256",true
"PEM RSA public key as Buffer","HS256 HMACed with the RSA public PEM text","algorithms [RS256]","rejected JsonWebTokenError: invalid algorithm","rejected JsonWebTokenError: invalid algorithm",true,"rejected JsonWebTokenError: invalid algorithm",true
"PEM RSA public key as Buffer","HS256 HMACed with the RSA public PEM text","algorithms [HS256, RS256]","rejected JsonWebTokenError: secretOrPublicKey must be a symmetric key when using HS256","rejected JsonWebTokenError: secretOrPublicKey must be a symmetric key when using HS256",true,"rejected JsonWebTokenError: secretOrPublicKey must be a symmetric key when using HS256",true
"PEM RSA public key as Buffer","HS256 HMACed with the JWK text","no algorithms option","rejected JsonWebTokenError: invalid algorithm","rejected JsonWebTokenError: invalid algorithm",true,"rejected JsonWebTokenError: invalid algorithm",true
"PEM RSA public key as Buffer","HS256 HMACed with the JWK text","algorithms [HS256]","rejected JsonWebTokenError: secretOrPublicKey must be a symmetric key when using HS256","rejected JsonWebTokenError: secretOrPublicKey must be a symmetric key when using HS256",true,"rejected JsonWebTokenError: secretOrPublicKey must be a symmetric key when using HS256",true
"PEM RSA public key as Buffer","HS256 HMACed with the JWK text","algorithms [RS256]","rejected JsonWebTokenError: invalid algorithm","rejected JsonWebTokenError: invalid algorithm",true,"rejected JsonWebTokenError: invalid algorithm",true
"PEM RSA public key as Buffer","HS256 HMACed with the JWK text","algorithms [HS256, RS256]","rejected JsonWebTokenError: secretOrPublicKey must be a symmetric key when using HS256","rejected JsonWebTokenError: secretOrPublicKey must be a symmetric key when using HS256",true,"rejected JsonWebTokenError: secretOrPublicKey must be a symmetric key when using HS256",true
"PEM RSA public key as Buffer","RS256 signed with the RSA private key","no algorithms option","accepted {""sub"":""user0""}","accepted {""sub"":""user0""}",true,"accepted {""sub"":""user0""}",true
"PEM RSA public key as Buffer","RS256 signed with the RSA private key","algorithms [HS256]","rejected JsonWebTokenError: invalid algorithm","rejected JsonWebTokenError: invalid algorithm",true,"rejected JsonWebTokenError: invalid algorithm",true
"PEM RSA public key as Buffer","RS256 signed with the RSA private key","algorithms [RS256]","accepted {""sub"":""user0""}","accepted {""sub"":""user0""}",true,"accepted {""sub"":""user0""}",true
"PEM RSA public key as Buffer","RS256 signed with the RSA private key","algorithms [HS256, RS256]","accepted {""sub"":""user0""}","accepted {""sub"":""user0""}",true,"accepted {""sub"":""user0""}",true
"PEM RSA public key as Buffer","RS256 forged (random signature)","no algorithms option","rejected JsonWebTokenError: invalid signature","rejected JsonWebTokenError: invalid signature",true,"rejected JsonWebTokenError: invalid signature",true
"PEM RSA public key as Buffer","RS256 forged (random signature)","algorithms [HS256]","rejected JsonWebTokenError: invalid algorithm","rejected JsonWebTokenError: invalid algorithm",true,"rejected JsonWebTokenError: invalid algorithm",true
"PEM RSA public key as Buffer","RS256 forged (random signature)","algorithms [RS256]","rejected JsonWebTokenError: invalid signature","rejected JsonWebTokenError: invalid signature",true,"rejected JsonWebTokenError: invalid signature",true
"PEM RSA public key as Buffer","RS256 forged (random signature)","algorithms [HS256, RS256]","rejected JsonWebTokenError: invalid signature","rejected JsonWebTokenError: invalid signature",true,"rejected JsonWebTokenError: invalid signature",true
"PEM RSA public key as Buffer","HS256 forged (random signature)","no algorithms option","rejected JsonWebTokenError: invalid algorithm","rejected JsonWebTokenError: invalid algorithm",true,"rejected JsonWebTokenError: invalid algorithm",true
"PEM RSA public key as Buffer","HS256 forged (random signature)","algorithms [HS256]","rejected JsonWebTokenError: secretOrPublicKey must be a symmetric key when using HS256","rejected JsonWebTokenError: secretOrPublicKey must be a symmetric key when using HS256",true,"rejected JsonWebTokenError: secretOrPublicKey must be a symmetric key when using HS256",true
"PEM RSA public key as Buffer","HS256 forged (random signature)","algorithms [RS256]","rejected JsonWebTokenError: invalid algorithm","rejected JsonWebTokenError: invalid algorithm",true,"rejected JsonWebTokenError: invalid algorithm",true
"PEM RSA public key as Buffer","HS256 forged (random signature)","algorithms [HS256, RS256]","rejected JsonWebTokenError: secretOrPublicKey must be a symmetric key when using HS256","rejected JsonWebTokenError: secretOrPublicKey must be a symmetric key when using HS256",true,"rejected JsonWebTokenError: secretOrPublicKey must be a symmetric key when using HS256",true
"PEM RSA public key as Buffer","alg none","no algorithms option","rejected JsonWebTokenError: jwt signature is required","rejected JsonWebTokenError: jwt signature is required",true,"rejected JsonWebTokenError: jwt signature is required",true
"PEM RSA public key as Buffer","alg none","algorithms [HS256]","rejected JsonWebTokenError: jwt signature is required","rejected JsonWebTokenError: jwt signature is required",true,"rejected JsonWebTokenError: jwt signature is required",true
"PEM RSA public key as Buffer","alg none","algorithms [RS256]","rejected JsonWebTokenError: jwt signature is required","rejected JsonWebTokenError: jwt signature is required",true,"rejected JsonWebTokenError: jwt signature is required",true
"PEM RSA public key as Buffer","alg none","algorithms [HS256, RS256]","rejected JsonWebTokenError: jwt signature is required","rejected JsonWebTokenError: jwt signature is required",true,"rejected JsonWebTokenError: jwt signature is required",true
"JSON text that is not a JWK","HS256 signed with the secret","no algorithms option","rejected JsonWebTokenError: invalid signature","rejected JsonWebTokenError: invalid signature",true,"rejected JsonWebTokenError: invalid signature",true
"JSON text that is not a JWK","HS256 signed with the secret","algorithms [HS256]","rejected JsonWebTokenError: invalid signature","rejected JsonWebTokenError: invalid signature",true,"rejected JsonWebTokenError: invalid signature",true
"JSON text that is not a JWK","HS256 signed with the secret","algorithms [RS256]","rejected JsonWebTokenError: invalid algorithm","rejected JsonWebTokenError: invalid algorithm",true,"rejected JsonWebTokenError: invalid algorithm",true
"JSON text that is not a JWK","HS256 signed with the secret","algorithms [HS256, RS256]","rejected JsonWebTokenError: invalid signature","rejected JsonWebTokenError: invalid signature",true,"rejected JsonWebTokenError: invalid signature",true
"JSON text that is not a JWK","HS256 HMACed with the RSA public PEM text","no algorithms option","rejected JsonWebTokenError: invalid signature","rejected JsonWebTokenError: invalid signature",true,"rejected JsonWebTokenError: invalid signature",true
"JSON text that is not a JWK","HS256 HMACed with the RSA public PEM text","algorithms [HS256]","rejected JsonWebTokenError: invalid signature","rejected JsonWebTokenError: invalid signature",true,"rejected JsonWebTokenError: invalid signature",true
"JSON text that is not a JWK","HS256 HMACed with the RSA public PEM text","algorithms [RS256]","rejected JsonWebTokenError: invalid algorithm","rejected JsonWebTokenError: invalid algorithm",true,"rejected JsonWebTokenError: invalid algorithm",true
"JSON text that is not a JWK","HS256 HMACed with the RSA public PEM text","algorithms [HS256, RS256]","rejected JsonWebTokenError: invalid signature","rejected JsonWebTokenError: invalid signature",true,"rejected JsonWebTokenError: invalid signature",true
"JSON text that is not a JWK","HS256 HMACed with the JWK text","no algorithms option","rejected JsonWebTokenError: invalid signature","rejected JsonWebTokenError: invalid signature",true,"rejected JsonWebTokenError: invalid signature",true
"JSON text that is not a JWK","HS256 HMACed with the JWK text","algorithms [HS256]","rejected JsonWebTokenError: invalid signature","rejected JsonWebTokenError: invalid signature",true,"rejected JsonWebTokenError: invalid signature",true
"JSON text that is not a JWK","HS256 HMACed with the JWK text","algorithms [RS256]","rejected JsonWebTokenError: invalid algorithm","rejected JsonWebTokenError: invalid algorithm",true,"rejected JsonWebTokenError: invalid algorithm",true
"JSON text that is not a JWK","HS256 HMACed with the JWK text","algorithms [HS256, RS256]","rejected JsonWebTokenError: invalid signature","rejected JsonWebTokenError: invalid signature",true,"rejected JsonWebTokenError: invalid signature",true
"JSON text that is not a JWK","RS256 signed with the RSA private key","no algorithms option","rejected JsonWebTokenError: invalid algorithm","rejected JsonWebTokenError: invalid algorithm",true,"rejected JsonWebTokenError: invalid algorithm",true
"JSON text that is not a JWK","RS256 signed with the RSA private key","algorithms [HS256]","rejected JsonWebTokenError: invalid algorithm","rejected JsonWebTokenError: invalid algorithm",true,"rejected JsonWebTokenError: invalid algorithm",true
"JSON text that is not a JWK","RS256 signed with the RSA private key","algorithms [RS256]","rejected JsonWebTokenError: secretOrPublicKey must be an asymmetric key when using RS256","rejected JsonWebTokenError: secretOrPublicKey must be an asymmetric key when using RS256",true,"rejected JsonWebTokenError: secretOrPublicKey must be an asymmetric key when using RS256",true
"JSON text that is not a JWK","RS256 signed with the RSA private key","algorithms [HS256, RS256]","rejected JsonWebTokenError: secretOrPublicKey must be an asymmetric key when using RS256","rejected JsonWebTokenError: secretOrPublicKey must be an asymmetric key when using RS256",true,"rejected JsonWebTokenError: secretOrPublicKey must be an asymmetric key when using RS256",true
"JSON text that is not a JWK","RS256 forged (random signature)","no algorithms option","rejected JsonWebTokenError: invalid algorithm","rejected JsonWebTokenError: invalid algorithm",true,"rejected JsonWebTokenError: invalid algorithm",true
"JSON text that is not a JWK","RS256 forged (random signature)","algorithms [HS256]","rejected JsonWebTokenError: invalid algorithm","rejected JsonWebTokenError: invalid algorithm",true,"rejected JsonWebTokenError: invalid algorithm",true
"JSON text that is not a JWK","RS256 forged (random signature)","algorithms [RS256]","rejected JsonWebTokenError: secretOrPublicKey must be an asymmetric key when using RS256","rejected JsonWebTokenError: secretOrPublicKey must be an asymmetric key when using RS256",true,"rejected JsonWebTokenError: secretOrPublicKey must be an asymmetric key when using RS256",true
"JSON text that is not a JWK","RS256 forged (random signature)","algorithms [HS256, RS256]","rejected JsonWebTokenError: secretOrPublicKey must be an asymmetric key when using RS256","rejected JsonWebTokenError: secretOrPublicKey must be an asymmetric key when using RS256",true,"rejected JsonWebTokenError: secretOrPublicKey must be an asymmetric key when using RS256",true
"JSON text that is not a JWK","HS256 forged (random signature)","no algorithms option","rejected JsonWebTokenError: invalid signature","rejected JsonWebTokenError: invalid signature",true,"rejected JsonWebTokenError: invalid signature",true
"JSON text that is not a JWK","HS256 forged (random signature)","algorithms [HS256]","rejected JsonWebTokenError: invalid signature","rejected JsonWebTokenError: invalid signature",true,"rejected JsonWebTokenError: invalid signature",true
"JSON text that is not a JWK","HS256 forged (random signature)","algorithms [RS256]","rejected JsonWebTokenError: invalid algorithm","rejected JsonWebTokenError: invalid algorithm",true,"rejected JsonWebTokenError: invalid algorithm",true
"JSON text that is not a JWK","HS256 forged (random signature)","algorithms [HS256, RS256]","rejected JsonWebTokenError: invalid signature","rejected JsonWebTokenError: invalid signature",true,"rejected JsonWebTokenError: invalid signature",true
"JSON text that is not a JWK","alg none","no algorithms option","rejected JsonWebTokenError: jwt signature is required","rejected JsonWebTokenError: jwt signature is required",true,"rejected JsonWebTokenError: jwt signature is required",true
"JSON text that is not a JWK","alg none","algorithms [HS256]","rejected JsonWebTokenError: jwt signature is required","rejected JsonWebTokenError: jwt signature is required",true,"rejected JsonWebTokenError: jwt signature is required",true
"JSON text that is not a JWK","alg none","algorithms [RS256]","rejected JsonWebTokenError: jwt signature is required","rejected JsonWebTokenError: jwt signature is required",true,"rejected JsonWebTokenError: jwt signature is required",true
"JSON text that is not a JWK","alg none","algorithms [HS256, RS256]","rejected JsonWebTokenError: jwt signature is required","rejected JsonWebTokenError: jwt signature is required",true,"rejected JsonWebTokenError: jwt signature is required",true
"string containing -----BEGIN mid-way","HS256 signed with the secret","no algorithms option","rejected JsonWebTokenError: invalid signature","rejected JsonWebTokenError: invalid signature",true,"rejected JsonWebTokenError: invalid signature",true
"string containing -----BEGIN mid-way","HS256 signed with the secret","algorithms [HS256]","rejected JsonWebTokenError: invalid signature","rejected JsonWebTokenError: invalid signature",true,"rejected JsonWebTokenError: invalid signature",true
"string containing -----BEGIN mid-way","HS256 signed with the secret","algorithms [RS256]","rejected JsonWebTokenError: invalid algorithm","rejected JsonWebTokenError: invalid algorithm",true,"rejected JsonWebTokenError: invalid algorithm",true
"string containing -----BEGIN mid-way","HS256 signed with the secret","algorithms [HS256, RS256]","rejected JsonWebTokenError: invalid signature","rejected JsonWebTokenError: invalid signature",true,"rejected JsonWebTokenError: invalid signature",true
"string containing -----BEGIN mid-way","HS256 HMACed with the RSA public PEM text","no algorithms option","rejected JsonWebTokenError: invalid signature","rejected JsonWebTokenError: invalid signature",true,"rejected JsonWebTokenError: invalid signature",true
"string containing -----BEGIN mid-way","HS256 HMACed with the RSA public PEM text","algorithms [HS256]","rejected JsonWebTokenError: invalid signature","rejected JsonWebTokenError: invalid signature",true,"rejected JsonWebTokenError: invalid signature",true
"string containing -----BEGIN mid-way","HS256 HMACed with the RSA public PEM text","algorithms [RS256]","rejected JsonWebTokenError: invalid algorithm","rejected JsonWebTokenError: invalid algorithm",true,"rejected JsonWebTokenError: invalid algorithm",true
"string containing -----BEGIN mid-way","HS256 HMACed with the RSA public PEM text","algorithms [HS256, RS256]","rejected JsonWebTokenError: invalid signature","rejected JsonWebTokenError: invalid signature",true,"rejected JsonWebTokenError: invalid signature",true
"string containing -----BEGIN mid-way","HS256 HMACed with the JWK text","no algorithms option","rejected JsonWebTokenError: invalid signature","rejected JsonWebTokenError: invalid signature",true,"rejected JsonWebTokenError: invalid signature",true
"string containing -----BEGIN mid-way","HS256 HMACed with the JWK text","algorithms [HS256]","rejected JsonWebTokenError: invalid signature","rejected JsonWebTokenError: invalid signature",true,"rejected JsonWebTokenError: invalid signature",true
"string containing -----BEGIN mid-way","HS256 HMACed with the JWK text","algorithms [RS256]","rejected JsonWebTokenError: invalid algorithm","rejected JsonWebTokenError: invalid algorithm",true,"rejected JsonWebTokenError: invalid algorithm",true
"string containing -----BEGIN mid-way","HS256 HMACed with the JWK text","algorithms [HS256, RS256]","rejected JsonWebTokenError: invalid signature","rejected JsonWebTokenError: invalid signature",true,"rejected JsonWebTokenError: invalid signature",true
"string containing -----BEGIN mid-way","RS256 signed with the RSA private key","no algorithms option","rejected JsonWebTokenError: invalid algorithm","rejected JsonWebTokenError: invalid algorithm",true,"rejected JsonWebTokenError: invalid algorithm",true
"string containing -----BEGIN mid-way","RS256 signed with the RSA private key","algorithms [HS256]","rejected JsonWebTokenError: invalid algorithm","rejected JsonWebTokenError: invalid algorithm",true,"rejected JsonWebTokenError: invalid algorithm",true
"string containing -----BEGIN mid-way","RS256 signed with the RSA private key","algorithms [RS256]","rejected JsonWebTokenError: secretOrPublicKey must be an asymmetric key when using RS256","rejected JsonWebTokenError: secretOrPublicKey must be an asymmetric key when using RS256",true,"rejected JsonWebTokenError: secretOrPublicKey must be an asymmetric key when using RS256",true
"string containing -----BEGIN mid-way","RS256 signed with the RSA private key","algorithms [HS256, RS256]","rejected JsonWebTokenError: secretOrPublicKey must be an asymmetric key when using RS256","rejected JsonWebTokenError: secretOrPublicKey must be an asymmetric key when using RS256",true,"rejected JsonWebTokenError: secretOrPublicKey must be an asymmetric key when using RS256",true
"string containing -----BEGIN mid-way","RS256 forged (random signature)","no algorithms option","rejected JsonWebTokenError: invalid algorithm","rejected JsonWebTokenError: invalid algorithm",true,"rejected JsonWebTokenError: invalid algorithm",true
"string containing -----BEGIN mid-way","RS256 forged (random signature)","algorithms [HS256]","rejected JsonWebTokenError: invalid algorithm","rejected JsonWebTokenError: invalid algorithm",true,"rejected JsonWebTokenError: invalid algorithm",true
"string containing -----BEGIN mid-way","RS256 forged (random signature)","algorithms [RS256]","rejected JsonWebTokenError: secretOrPublicKey must be an asymmetric key when using RS256","rejected JsonWebTokenError: secretOrPublicKey must be an asymmetric key when using RS256",true,"rejected JsonWebTokenError: secretOrPublicKey must be an asymmetric key when using RS256",true
"string containing -----BEGIN mid-way","RS256 forged (random signature)","algorithms [HS256, RS256]","rejected JsonWebTokenError: secretOrPublicKey must be an asymmetric key when using RS256","rejected JsonWebTokenError: secretOrPublicKey must be an asymmetric key when using RS256",true,"rejected JsonWebTokenError: secretOrPublicKey must be an asymmetric key when using RS256",true
"string containing -----BEGIN mid-way","HS256 forged (random signature)","no algorithms option","rejected JsonWebTokenError: invalid signature","rejected JsonWebTokenError: invalid signature",true,"rejected JsonWebTokenError: invalid signature",true
"string containing -----BEGIN mid-way","HS256 forged (random signature)","algorithms [HS256]","rejected JsonWebTokenError: invalid signature","rejected JsonWebTokenError: invalid signature",true,"rejected JsonWebTokenError: invalid signature",true
"string containing -----BEGIN mid-way","HS256 forged (random signature)","algorithms [RS256]","rejected JsonWebTokenError: invalid algorithm","rejected JsonWebTokenError: invalid algorithm",true,"rejected JsonWebTokenError: invalid algorithm",true
"string containing -----BEGIN mid-way","HS256 forged (random signature)","algorithms [HS256, RS256]","rejected JsonWebTokenError: invalid signature","rejected JsonWebTokenError: invalid signature",true,"rejected JsonWebTokenError: invalid signature",true
"string containing -----BEGIN mid-way","alg none","no algorithms option","rejected JsonWebTokenError: jwt signature is required","rejected JsonWebTokenError: jwt signature is required",true,"rejected JsonWebTokenError: jwt signature is required",true
"string containing -----BEGIN mid-way","alg none","algorithms [HS256]","rejected JsonWebTokenError: jwt signature is required","rejected JsonWebTokenError: jwt signature is required",true,"rejected JsonWebTokenError: jwt signature is required",true
"string containing -----BEGIN mid-way","alg none","algorithms [RS256]","rejected JsonWebTokenError: jwt signature is required","rejected JsonWebTokenError: jwt signature is required",true,"rejected JsonWebTokenError: jwt signature is required",true
"string containing -----BEGIN mid-way","alg none","algorithms [HS256, RS256]","rejected JsonWebTokenError: jwt signature is required","rejected JsonWebTokenError: jwt signature is required",true,"rejected JsonWebTokenError: jwt signature is required",true
