id,repo,path,url,rater_1,notes_1,rater_2,notes_2,resolved,resolution_reason
C115,agroXchange/backend,src/jwt.ts,https://github.com/agroXchange/backend/blob/7756dc24ea8dc8e769d71bb21e6b24a2cfb7017a/src/jwt.ts,,,,,,
C221,mehediweb01/gear-up-web,proxy.ts,https://github.com/mehediweb01/gear-up-web/blob/c94afca7c5d2c75bc346fe555efe40d89febf275/proxy.ts,,,,,,
C321,v1noid/image-gen-server,app.ts,https://github.com/v1noid/image-gen-server/blob/cf7999e4883b1140361c8a154b4087e59240a114/app.ts,,,,,,
C270,richTheAnalyst/xxshop,proxy.ts,https://github.com/richTheAnalyst/xxshop/blob/31d86701ce5d92d67343e0d790aa7ba9ac17a545/proxy.ts,,,,,,
C161,devscollab/pcet-covid-task-force-api,app.js,https://github.com/devscollab/pcet-covid-task-force-api/blob/94a3a6cd875a252ceedc6af21f320acab90789dd/app.js,,,,,,
C021,CarlosHxH/autocar,auth.ts,https://github.com/CarlosHxH/autocar/blob/7a976a3b0c3032c4c9ff6b9c2a08306a33a53f1b/auth.ts,,,,,,
C106,WildCodeSchool/paris-js-0918-groupe9-node,app.js,https://github.com/WildCodeSchool/paris-js-0918-groupe9-node/blob/d11ed7ae39285a010e1fc7411cb7482cba5c7564/app.js,,,,,,
C263,packing-discord/packing-discord-bot,jwt.ts,https://github.com/packing-discord/packing-discord-bot/blob/de7dffb67d4e730ddd8d504e6ac393a40bdac738/jwt.ts,,,,,,
C058,MalikWhitten67/xavierdb,entry.ts,https://github.com/MalikWhitten67/xavierdb/blob/8aea21bfad1858a94c96030a60d654c24b64e2e7/entry.ts,,,,,,
C165,dronedeploy/function-wrapper,helpers/jwt.js,https://github.com/dronedeploy/function-wrapper/blob/920cfaf104e1cdc7d932ae0059f16a3ad2288b15/helpers/jwt.js,,,,,,
C043,HandyOSS/HandyHost,CommonUtils.js,https://github.com/HandyOSS/HandyHost/blob/a6dcbb9d773152576836038b7e70939623dc76e9/CommonUtils.js,,,,,,
C055,Kevin-Chen19/GoodJobs,server/util/JWT.js,https://github.com/Kevin-Chen19/GoodJobs/blob/d19b5422eba96275653bc27358eac30256e5d482/server/util/JWT.js,,,,,,
C217,mattetre/bitclout-jwt-validate,index.js,https://github.com/mattetre/bitclout-jwt-validate/blob/294218e7df8d28bfb2e01702b43f35aa98e386fc/index.js,,,,,,
C191,haizzdungnay/WebSiteOtakuShopVer2,lib/jwt.ts,https://github.com/haizzdungnay/WebSiteOtakuShopVer2/blob/6e49d76d234eb74ea6c149b32a59a202b324616c/lib/jwt.ts,,,,,,
C023,CeleritasCodingZen/cryptography,proxy.ts,https://github.com/CeleritasCodingZen/cryptography/blob/a0b6290cf064526d9292cee8817a0d9d4788ea07/proxy.ts,,,,,,
C256,notenoughneon/skein,api.ts,https://github.com/notenoughneon/skein/blob/045579eb3f55c2bd18af6f0f37ff1766acd929d4/api.ts,,,,,,
C079,R-s0n/Damn_Vulnerable_Node_App,app.js,https://github.com/R-s0n/Damn_Vulnerable_Node_App/blob/6b9ccf1146188fb8c5159ff6939499a3fe1d3838/app.js,,,,,,
C320,SocexSolutions/agenda-v2,api/lib/util/jwt.js,https://github.com/SocexSolutions/agenda-v2/blob/135cd6059d7ed1db342be34222da70a9e76308a4/api/lib/util/jwt.js,,,,,,
C296,tonymm81/web_page,index.ts,https://github.com/tonymm81/web_page/blob/15bd1f4bb43618879e7f877534b1665eb2820f24/index.ts,,,,,,
C168,egodasa/aplikasiujianberbasisweb,app.js,https://github.com/egodasa/aplikasiujianberbasisweb/blob/66464d6d203307e181a6647878c48f1abaec0c68/app.js,,,,,,
C228,mihnea112/MarianApp_API,index.ts,https://github.com/mihnea112/MarianApp_API/blob/da3053e6e027b8a63ae189d5893062a496a7cf55/index.ts,,,,,,
C264,programmer-666/jwtStuff,app.js,https://github.com/programmer-666/jwtStuff/blob/e726247f5897dbde5daf63901c873663e2a5a767/app.js,,,,,,
C322,hery-ae/cetta-environment-data,app.mts,https://github.com/hery-ae/cetta-environment-data/blob/bc34455c7bec7ac3ac0fdd0a05d12d3ec2b6cd13/app.mts,,,,,,
C279,siddhantdixit/LinkStack,app.js,https://github.com/siddhantdixit/LinkStack/blob/bdadc35135ba05c475a37693df3fc8dbad74e728/app.js,,,,,,
C116,agroXchange/backend,src/jwt.ts,https://github.com/agroXchange/backend/blob/7756dc24ea8dc8e769d71bb21e6b24a2cfb7017a/src/jwt.ts,,,,,,
C104,Videiraft/curious-server,app.js,https://github.com/Videiraft/curious-server/blob/f9498e9ff62779b1330bc63856cc36215ffde47c/app.js,,,,,,
C125,anhpt-bss/nextjs-tailwind-starter,lib/jwt.ts,https://github.com/anhpt-bss/nextjs-tailwind-starter/blob/c4a27930c98cc36cb7185fcf767ad45e78449734/lib/jwt.ts,,,,,,
C290,summerwollin/arenajs,app.js,https://github.com/summerwollin/arenajs/blob/ae2452b14e7b3521a22ba2219b795948f6786610/app.js,,,,,,
C029,DoubleXm/part-time,services/users.js,https://github.com/DoubleXm/part-time/blob/b3d33f7d5e4304ef0f93b3c2716a536b34b7698e/services/users.js,,,,,,
C051,Jikuto4322/RTCtoBCS,src/ws.ts,https://github.com/Jikuto4322/RTCtoBCS/blob/d7e33093686bfdaf0cf4ec1eb86a406dc74db242/src/ws.ts,,,,,,
C281,siteslave/express-onefile,jwt.js,https://github.com/siteslave/express-onefile/blob/2005121c4255d78dfcc5dbd833f1a078c9e3eba3/jwt.js,,,,,,
C234,mihnea112/MarianApp_API,index.ts,https://github.com/mihnea112/MarianApp_API/blob/da3053e6e027b8a63ae189d5893062a496a7cf55/index.ts,,,,,,
C233,mihnea112/MarianApp_API,index.ts,https://github.com/mihnea112/MarianApp_API/blob/da3053e6e027b8a63ae189d5893062a496a7cf55/index.ts,,,,,,
C153,darwin-morocho/backend-curso-flutter,src/io.js,https://github.com/darwin-morocho/backend-curso-flutter/blob/6cb4d7e8d272c09236e8f7345835df8d69119485/src/io.js,,,,,,
C324,claretnnamocha/helpers,src/jwt.ts,https://github.com/claretnnamocha/helpers/blob/8a2b7fdd690d544181c572c8ba31d5545e710e00/src/jwt.ts,,,,,,
C155,dayvidwhy/simple-chat,server.ts,https://github.com/dayvidwhy/simple-chat/blob/4bdf1ed67d2abc178db8f2d1162d0fc7ee495718/server.ts,,,,,,
C327,Rowadz/Erela,src/app.ts,https://github.com/Rowadz/Erela/blob/347ce4848027d9d1f60e0c506e44c5ed5f7fce22/src/app.ts,,,,,,
C252,mwondhaf/sec_dispatch_next,auth.ts,https://github.com/mwondhaf/sec_dispatch_next/blob/5df384f11b2b2641e44a9159a870092fc1359d9a/auth.ts,,,,,,
C198,jerrychong25/node-express-mongo-nodemailer-password-reset-jwt,server.js,https://github.com/jerrychong25/node-express-mongo-nodemailer-password-reset-jwt/blob/627e415733bb5a1d86d19623e600d3875976946b/server.js,,,,,,
C033,DzenDyn/baseBackend,src/utils/jwtHelper.js,https://github.com/DzenDyn/baseBackend/blob/c60f4e04b94865ad2cd26c4c3338ab6badcc6acd/src/utils/jwtHelper.js,,,,,,
C201,kharalnirmal/Learn-Auth,lib/jwt.ts,https://github.com/kharalnirmal/Learn-Auth/blob/4420d60a8377007da2d5416833cfb3af0e205820/lib/jwt.ts,,,,,,
C071,OnZeng/chat-room-server,src/utils/jwt.js,https://github.com/OnZeng/chat-room-server/blob/d2059a52b8f5564291f62ba07d3c74eafd5f0cae/src/utils/jwt.js,,,,,,
C245,mirage-software/Kabooty,src/jwt.ts,https://github.com/mirage-software/Kabooty/blob/dc76bde5e7abad2d4a32cb6d286c0cfba7752a58/src/jwt.ts,,,,,,
C044,HiFaraz/express-tokenware,spec/provideSpec.js,https://github.com/HiFaraz/express-tokenware/blob/feef3455e34fd4f0a6e210d65d5b48832f2b597a/spec/provideSpec.js,,,,,,
C212,mathcoll/t6,routes/ifttt.js,https://github.com/mathcoll/t6/blob/6718d0d3d121364036e0dce2f37afaa30d59b6d7/routes/ifttt.js,,,,,,
C246,mishrasatyam/svelte_kit_jwt_auth,src/hooks.js,https://github.com/mishrasatyam/svelte_kit_jwt_auth/blob/eb58a0277966fb215e259d08b7407b5aed863f5a/src/hooks.js,,,,,,
C311,walidbosso/Nodejs_ExpenseTracker,middleware/auth.js,https://github.com/walidbosso/Nodejs_ExpenseTracker/blob/aec63aaf97757a5de7b7c2dd0a239383276c4ed8/middleware/auth.js,,,,,,
C273,salekmichal1/project-menagment-api,index.ts,https://github.com/salekmichal1/project-menagment-api/blob/64ebfa9a3082400c6eeb22d9d2fa698a16754676/index.ts,,,,,,
C232,mihnea112/MarianApp_API,index.ts,https://github.com/mihnea112/MarianApp_API/blob/da3053e6e027b8a63ae189d5893062a496a7cf55/index.ts,,,,,,
C062,MiriSpitzer/de_pot,proxy.ts,https://github.com/MiriSpitzer/de_pot/blob/6f1c91c47dd64fab4a75420d522f23e2ed515afe/proxy.ts,,,,,,
C194,homanw104/pet-clinic,proxy.ts,https://github.com/homanw104/pet-clinic/blob/784dcdf838a73194c6031fd3d8c14486ca335e27/proxy.ts,,,,,,
C045,IExpreso/Backend,app.js,https://github.com/IExpreso/Backend/blob/7d5851928cf44fb481e916eb303c43621eadc132/app.js,,,,,,
C224,mihnea112/MarianApp_API,index.ts,https://github.com/mihnea112/MarianApp_API/blob/da3053e6e027b8a63ae189d5893062a496a7cf55/index.ts,,,,,,
C139,ceaplicados/ntropresupuesto-api,app.js,https://github.com/ceaplicados/ntropresupuesto-api/blob/7121272b2b8cb9a603df5cf7bb75fa735614f2c8/app.js,,,,,,
C314,yuzhou-shuai/hotel,2.js,https://github.com/yuzhou-shuai/hotel/blob/3450f3dacbeb4930a96bb0ea3e82193dc4e0e049/2.js,,,,,,
C117,ahsanhabibleon/ecom-backend,utils.ts,https://github.com/ahsanhabibleon/ecom-backend/blob/d8f8ba9e0d8193528ea87089094a9937806030ca/utils.ts,,,,,,
C109,Woodykaixa/WorldAxletreeWeb,lib/jwt.ts,https://github.com/Woodykaixa/WorldAxletreeWeb/blob/72909f0ce993635376fe4661fa074b0cd5dc4218/lib/jwt.ts,,,,,,
C120,ali-eljerrari/nodemailer-app,src/app.ts,https://github.com/ali-eljerrari/nodemailer-app/blob/28aaaf94100e3de3e56cf0a31d0865171c63cf35/src/app.ts,,,,,,
C265,rafidzia/interview-griptech,app.ts,https://github.com/rafidzia/interview-griptech/blob/e96ddb04a66c93dc362d3b013f83a0084992800e/app.ts,,,,,,
C248,mmansour88/wee,auth 5.ts,https://github.com/mmansour88/wee/blob/25fb836479efd2fe307794b44eaa5631fb50bc9d/auth 5.ts,,,,,,
C236,mihnea112/MarianApp_API,index.ts,https://github.com/mihnea112/MarianApp_API/blob/da3053e6e027b8a63ae189d5893062a496a7cf55/index.ts,,,,,,
C241,mihnea112/MarianApp_API,index.ts,https://github.com/mihnea112/MarianApp_API/blob/da3053e6e027b8a63ae189d5893062a496a7cf55/index.ts,,,,,,
C082,Requenez-Diaz/Crud-conexion,auth.ts,https://github.com/Requenez-Diaz/Crud-conexion/blob/8051bb7286f10271337c074d375fee2278657c96/auth.ts,,,,,,
C169,ehasunulislam/Ph_l2_A5_FixItNow_frontend,proxy.ts,https://github.com/ehasunulislam/Ph_l2_A5_FixItNow_frontend/blob/b0a709e32f6ee2e70a33c56d8efd22f63562e88a/proxy.ts,,,,,,
C163,dottgonzo/jwt-auth-class,index.ts,https://github.com/dottgonzo/jwt-auth-class/blob/f6b5ffe60fd4344f1e2c2112666f54af868455cb/index.ts,,,,,,
C127,anisirji/mcp-server-remote-setup-with-jwt-auth,index.ts,https://github.com/anisirji/mcp-server-remote-setup-with-jwt-auth/blob/ec86aafaeab93882eee057b137c724935961bbc1/index.ts,,,,,,
C151,cutls/TootDesk-push-server,verify.ts,https://github.com/cutls/TootDesk-push-server/blob/ca32b096c05ed0d39f9dc20ce972f78f1f67c82f/verify.ts,,,,,,
C080,R-s0n/Damn_Vulnerable_Node_App,app.js,https://github.com/R-s0n/Damn_Vulnerable_Node_App/blob/6b9ccf1146188fb8c5159ff6939499a3fe1d3838/app.js,,,,,,
C152,cutls/TootDesk-push-server,verify.ts,https://github.com/cutls/TootDesk-push-server/blob/ca32b096c05ed0d39f9dc20ce972f78f1f67c82f/verify.ts,,,,,,
C101,TalaoDAO/qrcode-generator,app.js,https://github.com/TalaoDAO/qrcode-generator/blob/feb0b6c2e2a647226a6b9018b33e866ef0e69153/app.js,,,,,,
C260,opentok/opentok-jwt,lib.js,https://github.com/opentok/opentok-jwt/blob/f367dd8b067e796a76958399175efbad61f7727d/lib.js,,,,,,
C150,cutls/TootDesk-push-server,verify.ts,https://github.com/cutls/TootDesk-push-server/blob/ca32b096c05ed0d39f9dc20ce972f78f1f67c82f/verify.ts,,,,,,
C011,Ayomishuga/Cardano-Bounties,proxy.ts,https://github.com/Ayomishuga/Cardano-Bounties/blob/a4e252994b1e897e2040b9a0cdefc5e942ccb5d9/proxy.ts,,,,,,
C087,Ritvik2021/linkedin-scraper-revised,src/mw.ts,https://github.com/Ritvik2021/linkedin-scraper-revised/blob/7168dac43d7d0420d0cac068dd328a8eff8b912c/src/mw.ts,,,,,,
C182,geri1997/hoxton-solo-project-backend,index.ts,https://github.com/geri1997/hoxton-solo-project-backend/blob/4fbd1836606edb0bca43e2c8865479ef7a341359/index.ts,,,,,,
C317,PacktPublishing/React-Projects-Second-Edition,Chapter09/server.js,https://github.com/PacktPublishing/React-Projects-Second-Edition/blob/8cc663f0430477d7274ad13de32d84363faa6f1a/Chapter09/server.js,,,,,,
C038,FullstackAcademy/acme-auth-notes,db.js,https://github.com/FullstackAcademy/acme-auth-notes/blob/6cf6beee80727da93b934f1361629c54183644de/db.js,,,,,,
C262,paardarshee/wellnessAssessment,q4.ts,https://github.com/paardarshee/wellnessAssessment/blob/c4ed9648601a472bc16098601fb9cc72cc0939e9/q4.ts,,,,,,
C180,geri1997/hoxton-solo-project-backend,index.ts,https://github.com/geri1997/hoxton-solo-project-backend/blob/4fbd1836606edb0bca43e2c8865479ef7a341359/index.ts,,,,,,
C304,twitchdev/extensions-hello-world,services/backend.js,https://github.com/twitchdev/extensions-hello-world/blob/78bc797cec554f777155622929d684e115ddf1e8/services/backend.js,,,,,,
C129,arnia-unibuc/boilerplate,app.js,https://github.com/arnia-unibuc/boilerplate/blob/541b98763c74cc45cffae69c03adbafeae15c32d/app.js,,,,,,
C020,CarlosHxH/autocar,auth.ts,https://github.com/CarlosHxH/autocar/blob/7a976a3b0c3032c4c9ff6b9c2a08306a33a53f1b/auth.ts,,,,,,
C006,Amber-bisht/askSync,lib/jwt.ts,https://github.com/Amber-bisht/askSync/blob/b382a0f009a99763a4ea659152077a8d01adac4b/lib/jwt.ts,,,,,,
C183,geri1997/hoxton-solo-project-backend,index.ts,https://github.com/geri1997/hoxton-solo-project-backend/blob/4fbd1836606edb0bca43e2c8865479ef7a341359/index.ts,,,,,,
C091,Sazkiasabrina/aivas-backend,proxy.ts,https://github.com/Sazkiasabrina/aivas-backend/blob/bd0501113488ea22e3ccead41726cd9641fc229d/proxy.ts,,,,,,
C121,amdryankz/karir-flow,proxy.ts,https://github.com/amdryankz/karir-flow/blob/c27635b5be451fb7cec0cdedb08faad5c99ce837/proxy.ts,,,,,,
C015,BijuDey/express-backend,jwt.js,https://github.com/BijuDey/express-backend/blob/97591b0eeb41ee20a8a58b431c8c4b5c58e79ae2/jwt.js,,,,,,
C069,OXOYO/X-RESTful-API-Generator-Koa,src/auth.js,https://github.com/OXOYO/X-RESTful-API-Generator-Koa/blob/ac4715102d21702d3fc7fac254fc4a8008306313/src/auth.js,,,,,,
C253,naeemul-online/E-Commerce-and-Inventory-Management-System-Client,proxy.ts,https://github.com/naeemul-online/E-Commerce-and-Inventory-Management-System-Client/blob/f9fb17426f230d6bc0026b3a7e05e473b7104925/proxy.ts,,,,,,
C093,Sohag-Ahmed056/tourBuddy_findYourPartner_Client,proxy.ts,https://github.com/Sohag-Ahmed056/tourBuddy_findYourPartner_Client/blob/9f580112fa6d88edc244a40dc6e2f9c85cfd2cbe/proxy.ts,,,,,,
C064,MujtabaCoder/RMS-restaurant-management-system-nodejs,jwt.js,https://github.com/MujtabaCoder/RMS-restaurant-management-system-nodejs/blob/1c11de1f45ab220fd94acae62970aea6aa6282e1/jwt.js,,,,,,
C275,seanmavley/unifi-voucher-payment-server,app.js,https://github.com/seanmavley/unifi-voucher-payment-server/blob/f66f7d5c09e591d276ad5153fdaa8607b7ff04c7/app.js,,,,,,
C078,R-s0n/Damn_Vulnerable_Node_App,app.js,https://github.com/R-s0n/Damn_Vulnerable_Node_App/blob/6b9ccf1146188fb8c5159ff6939499a3fe1d3838/app.js,,,,,,
C230,mihnea112/MarianApp_API,index.ts,https://github.com/mihnea112/MarianApp_API/blob/da3053e6e027b8a63ae189d5893062a496a7cf55/index.ts,,,,,,
C259,onixtoken/ONIX-Network-mining,server.ts,https://github.com/onixtoken/ONIX-Network-mining/blob/2bfa98a3ea2777e29bc54d6fb57dc6556fef9f35/server.ts,,,,,,
C215,matheusBizutti/dd-backend,app.js,https://github.com/matheusBizutti/dd-backend/blob/f7fcb672a9d37b7d37b25ceccaaea858c36b7d45/app.js,,,,,,
C094,Soumodeep084/cloudvault-storage-platform,proxy.ts,https://github.com/Soumodeep084/cloudvault-storage-platform/blob/HEAD/proxy.ts,,,,,,
C300,tushar-borole/node-enterprise-seed,app.js,https://github.com/tushar-borole/node-enterprise-seed/blob/d396c448c482d233e646c325507b00156e098c53/app.js,,,,,,
C123,andygock/auth-server,app.js,https://github.com/andygock/auth-server/blob/b4d112dff3edf93472cf1b2d9209a214f7076719/app.js,,,,,,
C305,vlicvn/qrmenu,proxy.ts,https://github.com/vlicvn/qrmenu/blob/e85fe76047082ba69704c4e764e24acc5cb4aab7/proxy.ts,,,,,,
C213,mathcoll/t6,routes/ifttt.js,https://github.com/mathcoll/t6/blob/6718d0d3d121364036e0dce2f37afaa30d59b6d7/routes/ifttt.js,,,,,,
C175,frendifdp/Clone-Carousell-Backend,app.js,https://github.com/frendifdp/Clone-Carousell-Backend/blob/0ecc06ea5641048c07ecac14d43220133e41fd6e/app.js,,,,,,
C307,vonnieda/WhoaLife,app.js,https://github.com/vonnieda/WhoaLife/blob/b74af93903a7496e4318f0e93a8f238da4b12764/app.js,,,,,,
C188,ging/fiware-pep-proxy,controllers/root.js,https://github.com/ging/fiware-pep-proxy/blob/475474ad47de7dd46fb40473ed3b1db420c1181a/controllers/root.js,,,,,,
C218,mavvystudio/miniserver,src/jwt.ts,https://github.com/mavvystudio/miniserver/blob/3f5415358d14168d46609558f1cc0eea84fc8227/src/jwt.ts,,,,,,
C110,Zilong-L/gpt,lib/jwt.ts,https://github.com/Zilong-L/gpt/blob/48d2f6f69cf6805328b12119a0cebbe684ce7a7e/lib/jwt.ts,,,,,,
C302,tvelic1/Medic-API,jwt.js,https://github.com/tvelic1/Medic-API/blob/193c9496a3734980f4f8d9248ba608e25b158933/jwt.js,,,,,,
C170,eternalmangekyo022/hotels-backend,app.ts,https://github.com/eternalmangekyo022/hotels-backend/blob/5771baff3a8ac02e98dd9d2f6318f0255f022f0c/app.ts,,,,,,
C092,Shivam-Dhaka12/chess_react_backend,socket.ts,https://github.com/Shivam-Dhaka12/chess_react_backend/blob/6b90de647e7088beb9e20f5a7b0f2873d4fd9718/socket.ts,,,,,,
C112,abid-arham/assignment-5,proxy.ts,https://github.com/abid-arham/assignment-5/blob/ffce6fd7f0492a7f2de9b510efa3a71fdc54cd09/proxy.ts,,,,,,
