id,repo,argument_at_call_site,rater_2,notes_2
A01,jasonhoang6201/be-template-postgres,config.tokenKey,,
A02,lethanhkhoi/vinamoon-authentication,config.tokenKey,,
A03,maitrungduc1410/vivari,'shhhh',,
A04,jest123/varprog_jwt,null,,
A05,SnackyTater/learn-nestjs,secret,,
A06,FathurRohmna/Fullstack-Expressjs-Mongodb-Reactjs-Typescript,jwtSecret,,
A07,graduate-project-sut/engineering-curriculum-system,secretKey,,
A08,graduate-project-sut/engineering-curriculum-system,secretKey,,
A09,felipe-software/feridinha.com,secretKey,,
A10,tuatui/xe-ai,secretKey,,
A11,patilprashant48/sakhalas-admin,secret,,
A12,emilebilodeau/survey-creation-2,createSecretKey(Buffer.from(process.env.JWT_SECRET)),,
A13,Kirill-Bokov/I-ll-give-you-the-stone,secret,,
