environment,condition,invocation,n,mean_us,median_us,p90_us,p99_us,min_us,max_us,stddev_us,timer_overhead_us,node_version,openssl_version,platform
psao/distro-node:ubuntu24.04,jwt_hs_string,1,20000,463.4801,448.3660,497.1670,796.4190,403.5800,2089.5570,79.2713,0.0800,v18.19.1,3.0.13,linux/x64
psao/distro-node:ubuntu24.04,jwt_hs_preparsed,1,20000,11.5001,9.7640,13.1000,36.9420,9.3170,394.4420,13.4040,0.0900,v18.19.1,3.0.13,linux/x64
psao/distro-node:ubuntu24.04,jwt_hs_string_safe,1,20000,16.1426,12.5230,17.5930,59.8580,11.5770,2008.2080,34.3724,0.0750,v18.19.1,3.0.13,linux/x64
psao/distro-node:ubuntu24.04,jwt_hs_string_keyonly,1,20000,15.2344,12.5000,19.5910,41.4200,11.6010,937.8740,26.6717,0.0770,v18.19.1,3.0.13,linux/x64
psao/distro-node:ubuntu24.04,probe_throws,1,20000,443.6841,424.4750,498.8530,742.4660,386.9850,3528.8010,70.1301,0.0780,v18.19.1,3.0.13,linux/x64
psao/distro-node:ubuntu24.04,probe_succeeds,1,20000,135.2764,124.5040,159.6240,229.0760,115.9800,6074.8040,92.3609,0.0790,v18.19.1,3.0.13,linux/x64
psao/distro-node:ubuntu24.04,jwt_sign_string,1,20000,450.1396,441.4120,477.6750,689.2200,399.2430,2254.4590,63.2369,0.0770,v18.19.1,3.0.13,linux/x64
psao/distro-node:ubuntu24.04,jwt_sign_preparsed,1,20000,9.0715,7.2870,10.8900,29.3660,6.8150,812.1990,15.8088,0.0870,v18.19.1,3.0.13,linux/x64
psao/distro-node:ubuntu24.04,jwt_hs_string,2,20000,460.5338,448.9900,491.3170,750.2680,406.5320,2257.1580,70.3482,0.0790,v18.19.1,3.0.13,linux/x64
psao/distro-node:ubuntu24.04,jwt_hs_preparsed,2,20000,11.5174,9.7710,12.2320,33.6760,9.2360,707.8920,15.9186,0.0780,v18.19.1,3.0.13,linux/x64
psao/distro-node:ubuntu24.04,jwt_hs_string_safe,2,20000,15.6786,13.0020,18.0490,42.0040,12.0100,992.6470,27.1324,0.0770,v18.19.1,3.0.13,linux/x64
psao/distro-node:ubuntu24.04,jwt_hs_string_keyonly,2,20000,15.1686,12.5830,17.1190,40.6870,11.6530,1083.3760,27.5666,0.0750,v18.19.1,3.0.13,linux/x64
psao/distro-node:ubuntu24.04,probe_throws,2,20000,421.0026,418.3620,443.8140,492.3620,386.1560,1394.9670,27.7669,0.0770,v18.19.1,3.0.13,linux/x64
psao/distro-node:ubuntu24.04,probe_succeeds,2,20000,138.2551,125.5080,168.6060,237.9490,116.0360,7538.9290,96.9670,0.0820,v18.19.1,3.0.13,linux/x64
psao/distro-node:ubuntu24.04,jwt_sign_string,2,20000,477.1799,447.7460,555.2660,846.1320,400.0400,2086.3260,96.1658,0.0800,v18.19.1,3.0.13,linux/x64
psao/distro-node:ubuntu24.04,jwt_sign_preparsed,2,20000,8.6770,7.2910,8.2540,28.5690,6.8670,424.8270,13.2460,0.0770,v18.19.1,3.0.13,linux/x64
psao/distro-node:ubuntu24.04,jwt_hs_string,3,20000,468.0088,451.9870,500.2790,830.2550,407.2540,2385.8070,83.0467,0.0800,v18.19.1,3.0.13,linux/x64
psao/distro-node:ubuntu24.04,jwt_hs_preparsed,3,20000,11.5400,9.9370,12.3250,33.7210,9.3800,601.7450,14.1642,0.0770,v18.19.1,3.0.13,linux/x64
psao/distro-node:ubuntu24.04,jwt_hs_string_safe,3,20000,14.7674,12.3380,16.4650,39.6620,11.4440,973.3040,26.0887,0.0770,v18.19.1,3.0.13,linux/x64
psao/distro-node:ubuntu24.04,jwt_hs_string_keyonly,3,20000,15.1980,12.7640,16.7530,43.8730,11.9110,826.9970,23.0156,0.0780,v18.19.1,3.0.13,linux/x64
psao/distro-node:ubuntu24.04,probe_throws,3,20000,437.8711,424.9800,477.5430,716.4760,387.1210,1178.3100,56.0315,0.0780,v18.19.1,3.0.13,linux/x64
psao/distro-node:ubuntu24.04,probe_succeeds,3,20000,136.6526,123.9480,165.2310,239.0800,115.8940,5586.7590,88.4438,0.0880,v18.19.1,3.0.13,linux/x64
psao/distro-node:ubuntu24.04,jwt_sign_string,3,20000,464.4960,445.8030,519.0200,801.0550,398.0170,1973.4440,83.4012,0.0790,v18.19.1,3.0.13,linux/x64
psao/distro-node:ubuntu24.04,jwt_sign_preparsed,3,20000,8.6214,7.4000,8.3240,26.7650,6.9010,361.5270,13.0671,0.0780,v18.19.1,3.0.13,linux/x64
psao/distro-node:ubuntu24.04,jwt_hs_string,4,20000,467.8508,452.6970,513.5770,832.3980,405.1160,2105.8130,80.8115,0.0760,v18.19.1,3.0.13,linux/x64
psao/distro-node:ubuntu24.04,jwt_hs_preparsed,4,20000,12.8478,10.2360,17.6410,41.4120,9.2700,742.0890,15.7319,0.1420,v18.19.1,3.0.13,linux/x64
psao/distro-node:ubuntu24.04,jwt_hs_string_safe,4,20000,15.0766,12.3760,17.3850,43.6350,11.4390,1012.0780,27.9886,0.0790,v18.19.1,3.0.13,linux/x64
psao/distro-node:ubuntu24.04,jwt_hs_string_keyonly,4,20000,14.9026,12.7750,15.3570,38.6510,11.7400,943.1010,25.1505,0.0790,v18.19.1,3.0.13,linux/x64
psao/distro-node:ubuntu24.04,probe_throws,4,20000,436.6476,425.1010,476.0970,677.4490,386.5300,1837.5680,52.0054,0.0760,v18.19.1,3.0.13,linux/x64
psao/distro-node:ubuntu24.04,probe_succeeds,4,20000,132.5816,123.5760,152.8510,208.1500,116.0190,5923.1570,88.3331,0.0800,v18.19.1,3.0.13,linux/x64
psao/distro-node:ubuntu24.04,jwt_sign_string,4,20000,481.0979,447.7170,575.6370,857.1410,397.8230,2355.4560,107.1958,0.0790,v18.19.1,3.0.13,linux/x64
psao/distro-node:ubuntu24.04,jwt_sign_preparsed,4,20000,8.9093,7.4010,8.6900,31.2440,6.9190,2253.4130,21.3097,0.0890,v18.19.1,3.0.13,linux/x64
psao/distro-node:ubuntu24.04,jwt_hs_string,5,20000,467.8609,450.9970,514.8060,741.1630,406.7320,2390.7970,74.4607,0.0780,v18.19.1,3.0.13,linux/x64
psao/distro-node:ubuntu24.04,jwt_hs_preparsed,5,20000,11.6032,9.9550,12.3720,33.8610,9.4150,667.5830,13.2470,0.0830,v18.19.1,3.0.13,linux/x64
psao/distro-node:ubuntu24.04,jwt_hs_string_safe,5,20000,15.7673,12.7060,20.8050,45.2610,11.6060,1166.7300,29.6280,0.0820,v18.19.1,3.0.13,linux/x64
psao/distro-node:ubuntu24.04,jwt_hs_string_keyonly,5,20000,15.9791,13.5000,17.4950,47.0370,12.3380,1012.3790,26.0026,0.0760,v18.19.1,3.0.13,linux/x64
psao/distro-node:ubuntu24.04,probe_throws,5,20000,462.1546,453.8000,493.8120,711.4810,416.9450,1323.7230,50.5046,0.0770,v18.19.1,3.0.13,linux/x64
psao/distro-node:ubuntu24.04,probe_succeeds,5,20000,135.9046,124.5140,162.7390,230.2360,116.1780,7983.0170,97.6559,0.0810,v18.19.1,3.0.13,linux/x64
psao/distro-node:ubuntu24.04,jwt_sign_string,5,20000,459.5954,451.6240,487.3830,746.3150,401.2430,2066.2050,67.3676,0.1270,v18.19.1,3.0.13,linux/x64
psao/distro-node:ubuntu24.04,jwt_sign_preparsed,5,20000,10.9648,7.7500,13.5690,41.3970,6.8950,523.9940,18.0633,0.0810,v18.19.1,3.0.13,linux/x64
psao/distro-node:ubuntu24.04,jwt_hs_string,6,20000,457.9242,449.6980,492.1980,689.7160,404.6500,2317.7080,72.9053,0.0790,v18.19.1,3.0.13,linux/x64
psao/distro-node:ubuntu24.04,jwt_hs_preparsed,6,20000,12.0467,10.0450,16.0770,36.2210,9.4510,577.7960,13.1723,0.0790,v18.19.1,3.0.13,linux/x64
psao/distro-node:ubuntu24.04,jwt_hs_string_safe,6,20000,14.9867,12.6660,15.9420,38.9610,11.9010,886.8470,24.0779,0.0760,v18.19.1,3.0.13,linux/x64
psao/distro-node:ubuntu24.04,jwt_hs_string_keyonly,6,20000,14.6569,12.3220,15.6680,40.1930,11.5100,972.2640,24.8492,0.0770,v18.19.1,3.0.13,linux/x64
psao/distro-node:ubuntu24.04,probe_throws,6,20000,441.6742,424.8930,480.6000,734.4400,386.7740,46586.7860,331.7424,0.0760,v18.19.1,3.0.13,linux/x64
psao/distro-node:ubuntu24.04,probe_succeeds,6,20000,130.6186,121.9440,147.8330,202.6920,115.9720,5231.4170,80.5065,0.0760,v18.19.1,3.0.13,linux/x64
psao/distro-node:ubuntu24.04,jwt_sign_string,6,20000,456.2229,443.9630,493.2030,772.2970,397.7750,1998.1320,76.2467,0.0790,v18.19.1,3.0.13,linux/x64
psao/distro-node:ubuntu24.04,jwt_sign_preparsed,6,20000,9.0339,7.4620,11.8980,28.0140,6.9400,414.9960,14.1053,0.0770,v18.19.1,3.0.13,linux/x64
psao/distro-node:ubuntu24.04,jwt_hs_string,7,20000,480.3093,454.2250,547.2880,828.5630,404.9160,2461.1420,92.9527,0.0750,v18.19.1,3.0.13,linux/x64
psao/distro-node:ubuntu24.04,jwt_hs_preparsed,7,20000,11.1038,9.7050,11.9150,31.1800,9.2020,597.6900,12.6189,0.0800,v18.19.1,3.0.13,linux/x64
psao/distro-node:ubuntu24.04,jwt_hs_string_safe,7,20000,16.3113,13.1910,21.6070,45.7420,11.8520,1091.8660,28.2644,0.0760,v18.19.1,3.0.13,linux/x64
psao/distro-node:ubuntu24.04,jwt_hs_string_keyonly,7,20000,16.0543,12.9570,20.9480,47.2750,11.9650,989.0520,28.0599,0.0740,v18.19.1,3.0.13,linux/x64
psao/distro-node:ubuntu24.04,probe_throws,7,20000,421.6368,416.1870,445.5330,524.0790,380.9710,1144.5880,31.8066,0.0820,v18.19.1,3.0.13,linux/x64
psao/distro-node:ubuntu24.04,probe_succeeds,7,20000,135.0695,124.7320,157.6270,226.2670,116.3040,6375.2130,89.3066,0.0800,v18.19.1,3.0.13,linux/x64
psao/distro-node:ubuntu24.04,jwt_sign_string,7,20000,449.3801,439.8190,481.4930,730.6420,396.3650,2058.0360,69.1974,0.0800,v18.19.1,3.0.13,linux/x64
psao/distro-node:ubuntu24.04,jwt_sign_preparsed,7,20000,10.1843,7.4090,13.2190,39.8320,6.8530,535.9960,16.3200,0.0780,v18.19.1,3.0.13,linux/x64
psao/distro-node:ubuntu24.04,jwt_hs_string,8,20000,482.9534,457.0060,562.6100,819.1000,406.4410,2309.9190,91.0649,0.0770,v18.19.1,3.0.13,linux/x64
psao/distro-node:ubuntu24.04,jwt_hs_preparsed,8,20000,12.2309,10.1180,15.5240,38.4380,9.5510,632.9940,15.8550,0.0780,v18.19.1,3.0.13,linux/x64
psao/distro-node:ubuntu24.04,jwt_hs_string_safe,8,20000,15.0604,12.5310,16.4230,40.6870,11.6530,1222.3020,27.1241,0.0840,v18.19.1,3.0.13,linux/x64
psao/distro-node:ubuntu24.04,jwt_hs_string_keyonly,8,20000,15.7249,12.7680,20.7370,46.3980,11.6770,966.2950,26.9862,0.0790,v18.19.1,3.0.13,linux/x64
psao/distro-node:ubuntu24.04,probe_throws,8,20000,430.4482,422.5400,456.3020,676.6290,385.8800,1818.3160,46.9940,0.0780,v18.19.1,3.0.13,linux/x64
psao/distro-node:ubuntu24.04,probe_succeeds,8,20000,132.5178,123.4800,154.0760,204.2350,115.9600,5796.9640,88.4030,0.0790,v18.19.1,3.0.13,linux/x64
psao/distro-node:ubuntu24.04,jwt_sign_string,8,20000,456.3390,442.6470,500.0540,740.0240,395.8470,1834.0020,73.1831,0.0760,v18.19.1,3.0.13,linux/x64
psao/distro-node:ubuntu24.04,jwt_sign_preparsed,8,20000,8.9081,7.2920,11.5600,32.2620,6.8760,416.9090,14.2142,0.0800,v18.19.1,3.0.13,linux/x64
psao/distro-node:ubuntu24.04,jwt_hs_string,9,20000,469.6792,452.2470,519.5010,765.4450,406.1460,3124.5000,86.6545,0.0800,v18.19.1,3.0.13,linux/x64
psao/distro-node:ubuntu24.04,jwt_hs_preparsed,9,20000,11.2012,9.7980,11.8760,32.2020,9.3250,600.1290,12.3864,0.0780,v18.19.1,3.0.13,linux/x64
psao/distro-node:ubuntu24.04,jwt_hs_string_safe,9,20000,15.1193,12.4470,17.1730,44.5540,11.5320,1098.8490,26.9402,0.0860,v18.19.1,3.0.13,linux/x64
psao/distro-node:ubuntu24.04,jwt_hs_string_keyonly,9,20000,15.2223,12.6780,17.4340,43.1770,11.7160,975.8720,27.7941,0.0760,v18.19.1,3.0.13,linux/x64
psao/distro-node:ubuntu24.04,probe_throws,9,20000,426.0428,418.4670,449.9660,683.4240,385.6430,1117.3280,44.9308,0.0790,v18.19.1,3.0.13,linux/x64
psao/distro-node:ubuntu24.04,probe_succeeds,9,20000,131.1032,122.6640,143.9970,207.9930,115.8470,5637.4340,92.5447,0.0860,v18.19.1,3.0.13,linux/x64
psao/distro-node:ubuntu24.04,jwt_sign_string,9,20000,460.1004,442.7290,508.9480,793.5960,395.7860,2140.4390,80.8719,0.0790,v18.19.1,3.0.13,linux/x64
psao/distro-node:ubuntu24.04,jwt_sign_preparsed,9,20000,8.6219,7.2600,8.7390,29.0370,6.7590,405.6420,13.1525,0.0780,v18.19.1,3.0.13,linux/x64
psao/distro-node:ubuntu24.04,jwt_hs_string,10,20000,465.8852,450.2800,506.6440,800.6780,401.2140,1847.3220,75.8289,0.0880,v18.19.1,3.0.13,linux/x64
psao/distro-node:ubuntu24.04,jwt_hs_preparsed,10,20000,11.1963,9.7170,11.8010,32.3980,9.3170,556.9140,12.5864,0.0780,v18.19.1,3.0.13,linux/x64
psao/distro-node:ubuntu24.04,jwt_hs_string_safe,10,20000,15.1193,12.5170,18.9470,43.0600,11.5100,1023.9200,26.6022,0.0790,v18.19.1,3.0.13,linux/x64
psao/distro-node:ubuntu24.04,jwt_hs_string_keyonly,10,20000,14.8425,12.4020,16.7650,40.7000,11.2930,1076.4640,25.0243,0.0790,v18.19.1,3.0.13,linux/x64
psao/distro-node:ubuntu24.04,probe_throws,10,20000,439.0518,423.0400,477.4600,710.1680,387.4320,1368.9160,58.4869,0.0800,v18.19.1,3.0.13,linux/x64
psao/distro-node:ubuntu24.04,probe_succeeds,10,20000,136.0975,123.7550,168.3380,212.8410,116.0070,6539.1640,97.4974,0.0790,v18.19.1,3.0.13,linux/x64
psao/distro-node:ubuntu24.04,jwt_sign_string,10,20000,440.2403,436.0080,467.8470,592.2900,385.0290,1829.5920,59.0728,0.0770,v18.19.1,3.0.13,linux/x64
psao/distro-node:ubuntu24.04,jwt_sign_preparsed,10,20000,8.7440,7.3440,8.9580,27.9890,6.8780,417.0300,13.8192,0.0770,v18.19.1,3.0.13,linux/x64
node:18.20.8-alpine,jwt_hs_string,1,20000,715.6586,689.2030,788.7770,1075.4410,633.1590,3040.4960,84.9118,0.0770,v18.20.8,3.0.16,linux/x64
node:18.20.8-alpine,jwt_hs_preparsed,1,20000,12.4441,10.5650,15.6340,35.0920,10.0470,449.6600,14.8513,0.0750,v18.20.8,3.0.16,linux/x64
node:18.20.8-alpine,jwt_hs_string_safe,1,20000,16.8329,13.1350,20.4630,53.2170,12.2980,740.1020,29.6468,0.0770,v18.20.8,3.0.16,linux/x64
node:18.20.8-alpine,jwt_hs_string_keyonly,1,20000,16.3849,13.0790,20.2860,48.8400,12.1870,869.1700,28.6283,0.0760,v18.20.8,3.0.16,linux/x64
node:18.20.8-alpine,probe_throws,1,20000,661.1044,641.5650,715.5100,952.3400,592.6710,1565.8320,64.5684,0.0750,v18.20.8,3.0.16,linux/x64
node:18.20.8-alpine,probe_succeeds,1,20000,201.8024,192.7700,223.7240,274.0640,176.9710,7256.0890,111.2890,0.0820,v18.20.8,3.0.16,linux/x64
node:18.20.8-alpine,jwt_sign_string,1,20000,668.9542,651.6420,713.8560,959.1080,602.0100,1680.3890,66.1515,0.0790,v18.20.8,3.0.16,linux/x64
node:18.20.8-alpine,jwt_sign_preparsed,1,20000,9.6733,8.0100,12.0340,29.5550,7.5810,476.9290,14.5560,0.0750,v18.20.8,3.0.16,linux/x64
node:18.20.8-alpine,jwt_hs_string,2,20000,737.6026,703.0250,848.8590,1123.5080,631.8800,4409.2200,107.5286,0.0760,v18.20.8,3.0.16,linux/x64
node:18.20.8-alpine,jwt_hs_preparsed,2,20000,11.9837,10.4040,13.2070,31.1670,9.6680,447.8450,14.5140,0.0760,v18.20.8,3.0.16,linux/x64
node:18.20.8-alpine,jwt_hs_string_safe,2,20000,15.5728,12.7460,19.2720,45.5040,11.9930,711.8010,25.1251,0.0750,v18.20.8,3.0.16,linux/x64
node:18.20.8-alpine,jwt_hs_string_keyonly,2,20000,15.4309,12.8020,17.1870,46.6010,12.1000,692.9770,24.9656,0.0770,v18.20.8,3.0.16,linux/x64
node:18.20.8-alpine,probe_throws,2,20000,649.9352,636.3480,686.3070,917.4000,575.9990,3757.8030,67.2152,0.0750,v18.20.8,3.0.16,linux/x64
node:18.20.8-alpine,probe_succeeds,2,20000,205.2145,192.5510,232.7080,318.9720,176.5360,7789.2570,116.4217,0.0770,v18.20.8,3.0.16,linux/x64
node:18.20.8-alpine,jwt_sign_string,2,20000,674.7399,652.7810,733.1760,1012.8150,594.8470,2702.7020,78.3717,0.0770,v18.20.8,3.0.16,linux/x64
node:18.20.8-alpine,jwt_sign_preparsed,2,20000,9.2018,7.8810,8.8450,27.6590,7.4180,439.5290,13.2880,0.0750,v18.20.8,3.0.16,linux/x64
node:18.20.8-alpine,jwt_hs_string,3,20000,713.9601,687.6430,784.2210,1097.6790,615.7540,2400.7290,89.4487,0.0760,v18.20.8,3.0.16,linux/x64
node:18.20.8-alpine,jwt_hs_preparsed,3,20000,12.5609,10.5710,14.8160,42.7430,10.0290,445.8780,15.4194,0.0750,v18.20.8,3.0.16,linux/x64
node:18.20.8-alpine,jwt_hs_string_safe,3,20000,15.3354,12.5810,18.7120,43.6620,11.8530,764.5250,24.9604,0.0760,v18.20.8,3.0.16,linux/x64
node:18.20.8-alpine,jwt_hs_string_keyonly,3,20000,14.8718,12.7830,14.8720,35.3050,12.0780,580.9170,22.9400,0.0780,v18.20.8,3.0.16,linux/x64
node:18.20.8-alpine,probe_throws,3,20000,652.9751,640.0720,692.1470,902.7780,592.6860,1891.5130,52.3296,0.0750,v18.20.8,3.0.16,linux/x64
node:18.20.8-alpine,probe_succeeds,3,20000,214.3389,200.5100,255.1210,332.2830,177.3940,7318.1510,115.8282,0.0820,v18.20.8,3.0.16,linux/x64
node:18.20.8-alpine,jwt_sign_string,3,20000,663.4655,648.7980,698.7130,947.9700,581.1750,2493.2260,74.6708,0.0760,v18.20.8,3.0.16,linux/x64
node:18.20.8-alpine,jwt_sign_preparsed,3,20000,9.6034,7.8610,11.9130,34.1010,7.4000,408.5980,14.3915,0.0750,v18.20.8,3.0.16,linux/x64
node:18.20.8-alpine,jwt_hs_string,4,20000,713.6822,689.5780,780.3940,1044.5040,607.9080,2009.0020,80.5650,0.0760,v18.20.8,3.0.16,linux/x64
node:18.20.8-alpine,jwt_hs_preparsed,4,20000,11.7272,10.1700,12.1180,31.5860,9.4390,453.9950,15.1676,0.0780,v18.20.8,3.0.16,linux/x64
node:18.20.8-alpine,jwt_hs_string_safe,4,20000,15.5295,12.9880,17.8920,43.1320,12.2710,955.6330,25.5575,0.0750,v18.20.8,3.0.16,linux/x64
node:18.20.8-alpine,jwt_hs_string_keyonly,4,20000,16.3534,12.8230,20.1240,47.6030,11.7710,805.9830,27.3639,0.0760,v18.20.8,3.0.16,linux/x64
node:18.20.8-alpine,probe_throws,4,20000,642.0756,635.0140,671.7960,784.7060,559.1350,1378.1220,37.1533,0.0770,v18.20.8,3.0.16,linux/x64
node:18.20.8-alpine,probe_succeeds,4,20000,210.7752,198.5540,246.9320,325.6310,172.1070,8131.0570,120.7929,0.0750,v18.20.8,3.0.16,linux/x64
node:18.20.8-alpine,jwt_sign_string,4,20000,672.7799,652.0280,727.3560,1010.9980,584.9340,1797.4760,74.6598,0.0770,v18.20.8,3.0.16,linux/x64
node:18.20.8-alpine,jwt_sign_preparsed,4,20000,9.8376,7.9760,12.3210,32.5570,7.4860,381.5030,13.9823,0.0800,v18.20.8,3.0.16,linux/x64
node:18.20.8-alpine,jwt_hs_string,5,20000,711.3928,688.3910,773.1130,1065.5770,632.9170,3830.6960,86.3591,0.0800,v18.20.8,3.0.16,linux/x64
node:18.20.8-alpine,jwt_hs_preparsed,5,20000,12.1039,10.4270,12.9080,34.7690,9.9860,453.6400,15.0569,0.0780,v18.20.8,3.0.16,linux/x64
node:18.20.8-alpine,jwt_hs_string_safe,5,20000,15.2427,12.8560,15.0140,46.0010,12.2160,659.6350,24.2708,0.0800,v18.20.8,3.0.16,linux/x64
node:18.20.8-alpine,jwt_hs_string_keyonly,5,20000,15.1137,12.5490,17.8000,44.2510,11.8430,1434.5210,25.3169,0.0760,v18.20.8,3.0.16,linux/x64
node:18.20.8-alpine,probe_throws,5,20000,652.4852,638.0230,687.5720,948.2160,594.2680,3223.5590,64.5690,0.0740,v18.20.8,3.0.16,linux/x64
node:18.20.8-alpine,probe_succeeds,5,20000,202.4150,192.1780,224.0250,307.5420,176.4020,7255.4520,112.6252,0.0760,v18.20.8,3.0.16,linux/x64
node:18.20.8-alpine,jwt_sign_string,5,20000,686.8644,662.2240,750.1000,1020.8890,608.8820,1858.4110,80.9542,0.0750,v18.20.8,3.0.16,linux/x64
node:18.20.8-alpine,jwt_sign_preparsed,5,20000,10.1347,8.0580,12.0510,33.2600,7.5410,376.5530,14.0374,0.1080,v18.20.8,3.0.16,linux/x64
node:18.20.8-alpine,jwt_hs_string,6,20000,707.5555,685.7870,768.0110,1054.1170,624.4160,2137.1730,75.8478,0.0760,v18.20.8,3.0.16,linux/x64
node:18.20.8-alpine,jwt_hs_preparsed,6,20000,11.8500,10.4310,11.8130,29.7400,9.9650,376.2530,13.8272,0.0750,v18.20.8,3.0.16,linux/x64
node:18.20.8-alpine,jwt_hs_string_safe,6,20000,14.6954,12.5140,16.7990,41.6190,11.5730,839.1200,21.7475,0.0770,v18.20.8,3.0.16,linux/x64
node:18.20.8-alpine,jwt_hs_string_keyonly,6,20000,15.7860,12.9210,19.1650,45.4750,12.1520,690.7750,27.0529,0.0770,v18.20.8,3.0.16,linux/x64
node:18.20.8-alpine,probe_throws,6,20000,647.6918,634.0210,685.8970,909.9220,576.4740,1591.3630,54.5017,0.0760,v18.20.8,3.0.16,linux/x64
node:18.20.8-alpine,probe_succeeds,6,20000,202.7329,192.8660,226.4960,285.6490,176.1250,7290.7140,112.7637,0.0760,v18.20.8,3.0.16,linux/x64
node:18.20.8-alpine,jwt_sign_string,6,20000,679.6653,656.8890,739.4500,1027.4750,603.2080,1955.0980,81.4046,0.0810,v18.20.8,3.0.16,linux/x64
node:18.20.8-alpine,jwt_sign_preparsed,6,20000,9.3273,7.8690,10.1950,30.9280,7.4170,345.2260,13.5937,0.0750,v18.20.8,3.0.16,linux/x64
node:18.20.8-alpine,jwt_hs_string,7,20000,720.7027,696.0820,793.9060,1046.4790,636.1490,1722.5150,80.7614,0.0780,v18.20.8,3.0.16,linux/x64
node:18.20.8-alpine,jwt_hs_preparsed,7,20000,12.1394,10.2870,14.9860,33.6200,9.8000,483.2550,15.9125,0.0750,v18.20.8,3.0.16,linux/x64
node:18.20.8-alpine,jwt_hs_string_safe,7,20000,16.3071,12.9020,20.2480,48.2580,12.0970,697.9030,25.8006,0.0760,v18.20.8,3.0.16,linux/x64
node:18.20.8-alpine,jwt_hs_string_keyonly,7,20000,15.2831,12.6080,18.4820,43.1810,11.8970,662.0250,25.3881,0.0750,v18.20.8,3.0.16,linux/x64
node:18.20.8-alpine,probe_throws,7,20000,644.8201,634.3800,675.7480,899.0980,569.4760,2589.6470,53.1836,0.0750,v18.20.8,3.0.16,linux/x64
node:18.20.8-alpine,probe_succeeds,7,20000,208.1869,195.7280,237.8160,309.0590,175.1500,7407.6890,113.8744,0.0770,v18.20.8,3.0.16,linux/x64
node:18.20.8-alpine,jwt_sign_string,7,20000,657.2617,647.4640,686.4230,854.2750,602.2320,1784.2030,55.4517,0.0790,v18.20.8,3.0.16,linux/x64
node:18.20.8-alpine,jwt_sign_preparsed,7,20000,9.7646,8.0020,12.2580,33.5420,7.5160,441.1050,14.4303,0.0780,v18.20.8,3.0.16,linux/x64
node:18.20.8-alpine,jwt_hs_string,8,20000,727.5332,698.1940,811.9620,1100.7980,630.1400,1882.1660,91.1953,0.0760,v18.20.8,3.0.16,linux/x64
node:18.20.8-alpine,jwt_hs_preparsed,8,20000,11.6588,10.1860,11.6500,29.1880,9.6040,441.8000,15.2721,0.0770,v18.20.8,3.0.16,linux/x64
node:18.20.8-alpine,jwt_hs_string_safe,8,20000,15.6169,12.8160,19.2530,43.1210,11.7610,776.9790,25.8740,0.0750,v18.20.8,3.0.16,linux/x64
node:18.20.8-alpine,jwt_hs_string_keyonly,8,20000,16.9844,13.1180,21.0470,50.1070,12.2160,931.6320,27.6102,0.0870,v18.20.8,3.0.16,linux/x64
node:18.20.8-alpine,probe_throws,8,20000,641.8204,632.8200,670.3570,886.4830,586.1490,1477.0150,46.8344,0.0780,v18.20.8,3.0.16,linux/x64
node:18.20.8-alpine,probe_succeeds,8,20000,204.9619,192.8730,230.7990,305.3150,175.4230,14672.6200,156.2690,0.0770,v18.20.8,3.0.16,linux/x64
node:18.20.8-alpine,jwt_sign_string,8,20000,656.1104,646.0360,682.9700,951.1200,595.2700,1872.1420,61.7805,0.0760,v18.20.8,3.0.16,linux/x64
node:18.20.8-alpine,jwt_sign_preparsed,8,20000,9.1373,7.8920,8.8950,25.1060,7.3400,614.7210,13.6186,0.0760,v18.20.8,3.0.16,linux/x64
node:18.20.8-alpine,jwt_hs_string,9,20000,705.2364,684.7440,758.8590,1074.3290,617.9010,1840.5800,75.3062,0.0760,v18.20.8,3.0.16,linux/x64
node:18.20.8-alpine,jwt_hs_preparsed,9,20000,11.9421,10.2400,13.0300,30.8990,9.7770,467.8280,16.9303,0.0740,v18.20.8,3.0.16,linux/x64
node:18.20.8-alpine,jwt_hs_string_safe,9,20000,15.5781,12.7630,19.3390,46.2770,12.0350,784.5040,24.7096,0.0770,v18.20.8,3.0.16,linux/x64
node:18.20.8-alpine,jwt_hs_string_keyonly,9,20000,14.9875,12.6130,18.5190,41.8760,11.8460,780.8060,22.4791,0.0750,v18.20.8,3.0.16,linux/x64
node:18.20.8-alpine,probe_throws,9,20000,647.4677,634.3010,680.6130,905.9890,577.9520,2859.0690,54.6369,0.0760,v18.20.8,3.0.16,linux/x64
node:18.20.8-alpine,probe_succeeds,9,20000,207.3372,194.5140,238.9880,310.3850,176.6990,10635.4170,129.0764,0.0760,v18.20.8,3.0.16,linux/x64
node:18.20.8-alpine,jwt_sign_string,9,20000,678.3609,652.5700,730.3990,1060.5880,592.0150,2644.2470,96.8293,0.0780,v18.20.8,3.0.16,linux/x64
node:18.20.8-alpine,jwt_sign_preparsed,9,20000,9.9688,7.9950,12.9260,32.9000,7.5200,534.3400,15.1823,0.0750,v18.20.8,3.0.16,linux/x64
node:18.20.8-alpine,jwt_hs_string,10,20000,711.9685,688.6710,782.4630,1051.9920,625.9400,1683.5410,77.3808,0.0760,v18.20.8,3.0.16,linux/x64
node:18.20.8-alpine,jwt_hs_preparsed,10,20000,12.2496,10.5720,16.4280,35.4510,10.0590,486.3180,10.2076,0.0770,v18.20.8,3.0.16,linux/x64
node:18.20.8-alpine,jwt_hs_string_safe,10,20000,15.2076,12.8300,17.0840,41.9800,12.1260,666.7310,23.5839,0.0770,v18.20.8,3.0.16,linux/x64
node:18.20.8-alpine,jwt_hs_string_keyonly,10,20000,15.4220,12.7880,18.9540,44.7090,12.0100,663.6070,24.2288,0.0780,v18.20.8,3.0.16,linux/x64
node:18.20.8-alpine,probe_throws,10,20000,651.9406,636.8100,695.4050,905.8800,578.4780,1749.1900,59.0608,0.0770,v18.20.8,3.0.16,linux/x64
node:18.20.8-alpine,probe_succeeds,10,20000,202.1772,191.3960,226.7130,292.1350,176.0760,8058.0030,117.8801,0.0760,v18.20.8,3.0.16,linux/x64
node:18.20.8-alpine,jwt_sign_string,10,20000,686.5988,665.6010,741.2620,1021.7880,608.0830,2619.3970,75.2147,0.0800,v18.20.8,3.0.16,linux/x64
node:18.20.8-alpine,jwt_sign_preparsed,10,20000,9.4360,7.9210,10.5180,27.0840,7.2890,518.7050,15.5753,0.0740,v18.20.8,3.0.16,linux/x64
node:26.6.0-alpine,jwt_hs_string,1,20000,73.1471,60.7970,96.6860,190.3200,36.8750,2419.8280,55.5126,0.0680,v26.6.0,3.5.7,linux/x64
node:26.6.0-alpine,jwt_hs_preparsed,1,20000,11.0968,8.1820,12.4200,50.5370,7.3820,1281.7570,25.6717,0.0610,v26.6.0,3.5.7,linux/x64
node:26.6.0-alpine,jwt_hs_string_safe,1,20000,13.6942,9.7940,15.4470,57.2550,8.8210,1594.6880,35.3802,0.0600,v26.6.0,3.5.7,linux/x64
node:26.6.0-alpine,jwt_hs_string_keyonly,1,20000,13.4927,9.6760,15.3430,54.8820,8.5950,1434.7660,34.6923,0.0600,v26.6.0,3.5.7,linux/x64
node:26.6.0-alpine,probe_throws,1,20000,43.6586,39.2050,52.9980,97.9240,27.8250,824.6470,20.1413,0.0600,v26.6.0,3.5.7,linux/x64
node:26.6.0-alpine,probe_succeeds,1,20000,24.5478,18.8640,32.2240,63.7850,16.8610,11166.6070,137.9553,0.0600,v26.6.0,3.5.7,linux/x64
node:26.6.0-alpine,jwt_sign_string,1,20000,58.0496,50.7510,72.6300,139.9680,29.3650,4140.7690,49.7936,0.0600,v26.6.0,3.5.7,linux/x64
node:26.6.0-alpine,jwt_sign_preparsed,1,20000,9.1376,6.6410,9.9720,46.3370,5.7830,910.1970,22.2961,0.0610,v26.6.0,3.5.7,linux/x64
node:26.6.0-alpine,jwt_hs_string,2,20000,69.1254,59.1820,87.4970,172.2180,43.4590,1509.1240,44.2056,0.0610,v26.6.0,3.5.7,linux/x64
node:26.6.0-alpine,jwt_hs_preparsed,2,20000,10.8598,7.9800,11.9620,48.0580,7.2360,1199.9370,26.7044,0.0600,v26.6.0,3.5.7,linux/x64
node:26.6.0-alpine,jwt_hs_string_safe,2,20000,13.2484,9.5200,14.9680,56.1540,8.6290,1273.6760,33.4754,0.0600,v26.6.0,3.5.7,linux/x64
node:26.6.0-alpine,jwt_hs_string_keyonly,2,20000,13.8618,9.4880,16.0660,59.4030,8.5990,1624.0910,36.5421,0.0600,v26.6.0,3.5.7,linux/x64
node:26.6.0-alpine,probe_throws,2,20000,43.8544,39.7160,51.3140,95.2540,23.0830,4188.0050,36.0836,0.0610,v26.6.0,3.5.7,linux/x64
node:26.6.0-alpine,probe_succeeds,2,20000,23.7136,18.6700,29.0950,61.2560,16.0810,10306.8040,129.3729,0.0600,v26.6.0,3.5.7,linux/x64
node:26.6.0-alpine,jwt_sign_string,2,20000,56.5454,50.4690,71.2470,144.6300,28.3220,1478.4530,41.1578,0.0610,v26.6.0,3.5.7,linux/x64
node:26.6.0-alpine,jwt_sign_preparsed,2,20000,9.3750,6.5090,10.0610,48.4460,5.7120,1279.8220,25.2477,0.0680,v26.6.0,3.5.7,linux/x64
node:26.6.0-alpine,jwt_hs_string,3,20000,68.4135,58.6490,85.9280,163.7950,40.5610,1333.9390,43.0424,0.0600,v26.6.0,3.5.7,linux/x64
node:26.6.0-alpine,jwt_hs_preparsed,3,20000,11.3476,8.1830,12.8270,50.9110,7.2930,1587.1440,27.4385,0.0600,v26.6.0,3.5.7,linux/x64
node:26.6.0-alpine,jwt_hs_string_safe,3,20000,13.6526,9.6170,15.0360,64.0770,8.7930,1423.3150,35.7286,0.0600,v26.6.0,3.5.7,linux/x64
node:26.6.0-alpine,jwt_hs_string_keyonly,3,20000,14.5928,9.7810,16.2700,62.1930,8.6000,1698.7300,37.2989,0.0620,v26.6.0,3.5.7,linux/x64
node:26.6.0-alpine,probe_throws,3,20000,44.8474,40.0320,55.2710,98.0800,23.4120,889.4650,22.5379,0.0690,v26.6.0,3.5.7,linux/x64
node:26.6.0-alpine,probe_succeeds,3,20000,24.8368,19.0230,31.8100,68.2770,17.0410,10884.8720,137.5596,0.0600,v26.6.0,3.5.7,linux/x64
node:26.6.0-alpine,jwt_sign_string,3,20000,62.2724,52.4440,84.7950,171.7760,29.1200,1878.5270,48.4590,0.0610,v26.6.0,3.5.7,linux/x64
node:26.6.0-alpine,jwt_sign_preparsed,3,20000,9.0014,6.5050,9.6470,47.9680,5.7130,1025.3480,21.2013,0.0610,v26.6.0,3.5.7,linux/x64
node:26.6.0-alpine,jwt_hs_string,4,20000,72.7094,60.5700,94.3760,193.4440,46.8000,1976.0830,48.1248,0.0610,v26.6.0,3.5.7,linux/x64
node:26.6.0-alpine,jwt_hs_preparsed,4,20000,12.4984,8.4770,14.3070,53.4360,7.3950,1457.8210,28.7299,0.0600,v26.6.0,3.5.7,linux/x64
node:26.6.0-alpine,jwt_hs_string_safe,4,20000,13.2577,9.5940,14.8870,60.2990,8.6360,1028.6690,32.2826,0.0600,v26.6.0,3.5.7,linux/x64
node:26.6.0-alpine,jwt_hs_string_keyonly,4,20000,14.8224,9.8310,16.8610,64.1820,8.8090,1937.1930,40.1425,0.0600,v26.6.0,3.5.7,linux/x64
node:26.6.0-alpine,probe_throws,4,20000,43.2905,39.3000,50.4420,91.7090,24.6000,736.3120,20.0800,0.0600,v26.6.0,3.5.7,linux/x64
node:26.6.0-alpine,probe_succeeds,4,20000,24.1536,18.8780,29.8310,61.5520,17.0170,10175.5480,131.0993,0.0610,v26.6.0,3.5.7,linux/x64
node:26.6.0-alpine,jwt_sign_string,4,20000,58.1941,50.4030,75.5160,147.6170,28.8220,1103.7800,40.0664,0.0600,v26.6.0,3.5.7,linux/x64
node:26.6.0-alpine,jwt_sign_preparsed,4,20000,9.4526,6.5250,10.3980,47.6650,5.6630,1009.7270,24.2244,0.0600,v26.6.0,3.5.7,linux/x64
node:26.6.0-alpine,jwt_hs_string,5,20000,66.9018,58.0400,86.7470,166.4480,35.4860,1037.5870,42.6570,0.0620,v26.6.0,3.5.7,linux/x64
node:26.6.0-alpine,jwt_hs_preparsed,5,20000,11.5677,8.2780,13.3060,51.9920,7.4280,1227.5600,27.2400,0.0600,v26.6.0,3.5.7,linux/x64
node:26.6.0-alpine,jwt_hs_string_safe,5,20000,13.8346,9.6760,15.3830,58.0910,8.7750,5009.6140,50.6825,0.0600,v26.6.0,3.5.7,linux/x64
node:26.6.0-alpine,jwt_hs_string_keyonly,5,20000,13.4528,9.5830,14.5590,56.5890,8.7380,2314.0610,37.7199,0.0680,v26.6.0,3.5.7,linux/x64
node:26.6.0-alpine,probe_throws,5,20000,45.4779,39.7770,56.9300,100.9490,24.7450,896.4000,23.0650,0.0600,v26.6.0,3.5.7,linux/x64
node:26.6.0-alpine,probe_succeeds,5,20000,23.5916,18.8180,28.7400,62.4070,16.8040,11232.9870,122.5107,0.0610,v26.6.0,3.5.7,linux/x64
node:26.6.0-alpine,jwt_sign_string,5,20000,61.2668,51.2100,79.0470,164.2510,32.6600,1574.3950,44.7330,0.0690,v26.6.0,3.5.7,linux/x64
node:26.6.0-alpine,jwt_sign_preparsed,5,20000,9.1158,6.4460,10.1340,48.5630,5.6260,648.1710,21.1225,0.0620,v26.6.0,3.5.7,linux/x64
node:26.6.0-alpine,jwt_hs_string,6,20000,66.5281,57.7240,88.6780,166.3670,35.6390,1686.1050,45.7161,0.0600,v26.6.0,3.5.7,linux/x64
node:26.6.0-alpine,jwt_hs_preparsed,6,20000,13.1807,8.5510,15.1270,61.8600,7.4680,3909.5890,39.8632,0.0600,v26.6.0,3.5.7,linux/x64
node:26.6.0-alpine,jwt_hs_string_safe,6,20000,14.2141,9.7070,16.2060,63.4510,8.8230,1459.3560,36.4586,0.0600,v26.6.0,3.5.7,linux/x64
node:26.6.0-alpine,jwt_hs_string_keyonly,6,20000,13.8476,9.7260,15.4840,58.4230,8.7720,2180.7830,39.2430,0.0600,v26.6.0,3.5.7,linux/x64
node:26.6.0-alpine,probe_throws,6,20000,44.4238,39.3110,53.6870,109.6520,36.5450,792.8460,22.1984,0.0610,v26.6.0,3.5.7,linux/x64
node:26.6.0-alpine,probe_succeeds,6,20000,28.2097,21.9770,35.8140,76.0960,16.7170,11685.7080,146.5679,0.0600,v26.6.0,3.5.7,linux/x64
node:26.6.0-alpine,jwt_sign_string,6,20000,61.5331,51.4840,80.1570,162.2100,28.4670,1289.6420,45.3620,0.0600,v26.6.0,3.5.7,linux/x64
node:26.6.0-alpine,jwt_sign_preparsed,6,20000,9.1829,6.5280,9.8760,47.4990,5.7330,964.6990,23.4239,0.0610,v26.6.0,3.5.7,linux/x64
node:26.6.0-alpine,jwt_hs_string,7,20000,68.7004,59.4500,89.6210,175.1760,35.8010,1202.0850,44.9398,0.0610,v26.6.0,3.5.7,linux/x64
node:26.6.0-alpine,jwt_hs_preparsed,7,20000,11.8864,8.5170,13.5360,56.1520,7.5540,1300.3600,28.8685,0.0690,v26.6.0,3.5.7,linux/x64
node:26.6.0-alpine,jwt_hs_string_safe,7,20000,14.0781,9.5450,15.7890,55.8470,8.4800,1883.3300,38.7266,0.0600,v26.6.0,3.5.7,linux/x64
node:26.6.0-alpine,jwt_hs_string_keyonly,7,20000,13.6669,9.7120,15.4390,56.4950,8.7020,1574.9560,35.7380,0.0610,v26.6.0,3.5.7,linux/x64
node:26.6.0-alpine,probe_throws,7,20000,46.4323,39.4510,57.6320,112.2320,24.7380,935.9610,27.0771,0.0600,v26.6.0,3.5.7,linux/x64
node:26.6.0-alpine,probe_succeeds,7,20000,24.1845,19.0680,30.9710,64.8280,17.0790,11492.7470,129.9509,0.0600,v26.6.0,3.5.7,linux/x64
node:26.6.0-alpine,jwt_sign_string,7,20000,58.5784,50.9040,76.4390,154.2640,28.3920,2811.9730,46.6186,0.0600,v26.6.0,3.5.7,linux/x64
node:26.6.0-alpine,jwt_sign_preparsed,7,20000,9.3148,6.5770,10.2780,47.9200,5.8280,1194.0020,23.8159,0.0600,v26.6.0,3.5.7,linux/x64
node:26.6.0-alpine,jwt_hs_string,8,20000,70.2467,58.8610,92.3450,171.4040,36.2010,1189.5350,47.0369,0.0600,v26.6.0,3.5.7,linux/x64
node:26.6.0-alpine,jwt_hs_preparsed,8,20000,11.7236,8.3280,13.1060,55.7370,7.5240,1016.9420,28.8003,0.0610,v26.6.0,3.5.7,linux/x64
node:26.6.0-alpine,jwt_hs_string_safe,8,20000,15.5035,9.6890,19.4390,69.8150,8.5110,1975.2750,41.7428,0.0600,v26.6.0,3.5.7,linux/x64
node:26.6.0-alpine,jwt_hs_string_keyonly,8,20000,14.1360,9.7030,16.8680,63.1790,8.7370,1308.9430,36.4908,0.0610,v26.6.0,3.5.7,linux/x64
node:26.6.0-alpine,probe_throws,8,20000,47.6320,39.8630,64.4230,125.1240,24.9930,1942.4740,30.1226,0.0610,v26.6.0,3.5.7,linux/x64
node:26.6.0-alpine,probe_succeeds,8,20000,26.7405,20.1390,34.8240,71.4040,16.9520,11944.1450,145.9922,0.0600,v26.6.0,3.5.7,linux/x64
node:26.6.0-alpine,jwt_sign_string,8,20000,64.4293,52.3010,85.9670,172.1040,29.3470,7927.8920,73.8427,0.0700,v26.6.0,3.5.7,linux/x64
node:26.6.0-alpine,jwt_sign_preparsed,8,20000,12.0951,6.5820,11.6000,52.3020,5.7630,41533.1370,295.6972,0.0610,v26.6.0,3.5.7,linux/x64
node:26.6.0-alpine,jwt_hs_string,9,20000,66.2749,58.3700,85.4190,149.8350,35.6580,3981.3870,49.9030,0.0700,v26.6.0,3.5.7,linux/x64
node:26.6.0-alpine,jwt_hs_preparsed,9,20000,11.8292,8.2440,13.5150,50.8160,7.3600,2440.9830,32.5025,0.0610,v26.6.0,3.5.7,linux/x64
node:26.6.0-alpine,jwt_hs_string_safe,9,20000,13.5412,9.6180,14.9160,56.1030,8.6420,2951.3500,40.9838,0.0600,v26.6.0,3.5.7,linux/x64
node:26.6.0-alpine,jwt_hs_string_keyonly,9,20000,13.5576,9.9880,15.4210,59.8910,8.8870,994.3820,31.2565,0.0610,v26.6.0,3.5.7,linux/x64
node:26.6.0-alpine,probe_throws,9,20000,44.2634,39.7200,54.0250,96.5590,23.6030,952.8510,21.9199,0.0600,v26.6.0,3.5.7,linux/x64
node:26.6.0-alpine,probe_succeeds,9,20000,24.3365,18.8930,30.3110,61.2130,16.9900,11575.4040,144.2910,0.0600,v26.6.0,3.5.7,linux/x64
node:26.6.0-alpine,jwt_sign_string,9,20000,58.3813,50.8300,75.8520,152.1990,29.2010,1030.2790,42.9990,0.0600,v26.6.0,3.5.7,linux/x64
node:26.6.0-alpine,jwt_sign_preparsed,9,20000,9.3516,6.7110,10.3810,47.2620,5.7680,2095.7430,26.4209,0.0600,v26.6.0,3.5.7,linux/x64
node:26.6.0-alpine,jwt_hs_string,10,20000,70.1091,58.9910,91.5030,184.7050,36.0960,1122.6600,44.9332,0.0690,v26.6.0,3.5.7,linux/x64
node:26.6.0-alpine,jwt_hs_preparsed,10,20000,11.4413,8.4690,12.7760,51.0920,7.6800,1301.8460,25.8806,0.0600,v26.6.0,3.5.7,linux/x64
node:26.6.0-alpine,jwt_hs_string_safe,10,20000,13.3625,9.7590,14.7160,58.0510,8.8020,973.2350,31.9641,0.0610,v26.6.0,3.5.7,linux/x64
node:26.6.0-alpine,jwt_hs_string_keyonly,10,20000,14.4838,9.8840,17.3400,65.6250,8.6280,1068.3420,33.5027,0.0600,v26.6.0,3.5.7,linux/x64
node:26.6.0-alpine,probe_throws,10,20000,43.6621,39.3470,52.7680,94.7250,24.6640,916.9030,21.7955,0.0610,v26.6.0,3.5.7,linux/x64
node:26.6.0-alpine,probe_succeeds,10,20000,24.2912,19.0150,31.7460,66.0200,17.1010,10770.5190,118.4327,0.0610,v26.6.0,3.5.7,linux/x64
node:26.6.0-alpine,jwt_sign_string,10,20000,59.8620,51.4220,76.2330,156.0270,29.1550,1646.7100,42.5214,0.0600,v26.6.0,3.5.7,linux/x64
node:26.6.0-alpine,jwt_sign_preparsed,10,20000,10.4204,6.7080,11.4510,51.6930,5.7490,914.1980,24.1816,0.0600,v26.6.0,3.5.7,linux/x64
